chemsys,mp_id,formula,mp_form_energy,mp_e_above_hull,mp_on_hull,VASP_form_energy,VASP_e_above_hull,VASP_on_hull,change
Co-Cr,mp-1008280,CrCo3,0.062942,0.062942,False,0.028831,0.031528,False,
Co-Cr,mp-1010071,CrCo,0.153561,0.153561,False,0.148606,0.150404,False,
Co-Cr,mp-102,Co,0.016114,0.016114,False,0.019652,0.019652,False,
Co-Cr,mp-1025503,Cr3Co,0.252124,0.252124,False,0.236237,0.237136,False,
Co-Cr,mp-1059289,Cr,0.335908,0.335908,False,0.310405,0.310405,False,
Co-Cr,mp-1072089,Co,0.199326,0.199326,False,0.205037,0.205037,False,
Co-Cr,mp-1077706,Cr2Co,0.287943,0.287943,False,0.28507,0.286268,False,
Co-Cr,mp-1087479,CrCo3,0.024229,0.024229,False,-0.002697,0.0,True,GAINED
Co-Cr,mp-1183710,Co,0.005447,0.005447,False,0.002326,0.002326,False,
Co-Cr,mp-1192789,Cr,0.263578,0.263578,False,0.240158,0.240158,False,
Co-Cr,mp-1193227,Co,0.126341,0.126341,False,0.126565,0.126565,False,
Co-Cr,mp-1226209,CrCo3,0.084143,0.084143,False,0.078993,0.08169,False,
Co-Cr,mp-1226444,Cr3Co2,0.078547,0.078547,False,0.061275,0.062714,False,
Co-Cr,mp-1227307,Cr8Co7,0.106213,0.106213,False,0.089413,0.091091,False,
Co-Cr,mp-1271142,Co,0.010145,0.010145,False,0.0,0.0,True,GAINED
Co-Cr,mp-17,Cr,0.081128,0.081128,False,0.060141,0.060141,False,
Co-Cr,mp-2647057,Co,0.089566,0.089566,False,0.090686,0.090686,False,
Co-Cr,mp-54,Co,0.0,0.0,True,3.8e-05,3.8e-05,True,
Co-Cr,mp-669382,Co,0.117662,0.117662,False,0.10765,0.10765,False,
Co-Cr,mp-8633,Cr,0.402526,0.402526,False,0.389809,0.389809,False,
Co-Cr,mp-89,Cr,0.42034,0.42034,False,0.396013,0.396013,False,
Co-Cr,mp-90,Cr,0.0,0.0,True,0.0,0.0,True,
Co-Cu,mp-1010136,Cu,0.035708,0.035708,False,0.035523,0.035523,False,
Co-Cu,mp-102,Co,0.016114,0.016114,False,0.019652,0.019652,False,
Co-Cu,mp-1056079,Cu,1.982934,1.982934,False,2.047267,2.047267,False,
Co-Cu,mp-1059259,Cu,0.142906,0.142906,False,0.150243,0.150243,False,
Co-Cu,mp-1072089,Co,0.199326,0.199326,False,0.205037,0.205037,False,
Co-Cu,mp-1120774,Cu,0.159117,0.159117,False,0.174446,0.174446,False,
Co-Cu,mp-1183710,Co,0.005447,0.005447,False,0.002326,0.002326,False,
Co-Cu,mp-1183752,Co3Cu,0.118587,0.118587,False,0.120854,0.120854,False,
Co-Cu,mp-1193227,Co,0.126341,0.126341,False,0.126565,0.126565,False,
Co-Cu,mp-1271142,Co,0.010145,0.010145,False,0.0,0.0,True,GAINED
Co-Cu,mp-2647057,Co,0.089566,0.089566,False,0.090686,0.090686,False,
Co-Cu,mp-30,Cu,0.0,0.0,True,0.0,0.0,True,
Co-Cu,mp-54,Co,0.0,0.0,True,3.8e-05,3.8e-05,True,
Co-Cu,mp-669382,Co,0.117662,0.117662,False,0.10765,0.10765,False,
Co-Cu,mp-989695,Cu,0.005766,0.005766,False,0.017,0.017,False,
Co-Cu,mp-989782,Cu,0.007492,0.007492,False,0.025389,0.025389,False,
Co-Cu,mp-998890,Cu,0.03664,0.03664,False,0.039812,0.039812,False,
Co-Gd,mp-102,Co,0.016114,0.016114,False,0.019652,0.019652,False,
Co-Gd,mp-1072089,Co,0.199326,0.199326,False,0.205037,0.205037,False,
Co-Gd,mp-1077071,GdCo5,-0.072854,0.0,True,-0.07166,0.018055,False,LOST
Co-Gd,mp-11421,Gd,0.0876,0.0876,False,0.091168,0.091168,False,
Co-Gd,mp-1183710,Co,0.005447,0.005447,False,0.002326,0.002326,False,
Co-Gd,mp-1193227,Co,0.126341,0.126341,False,0.126565,0.126565,False,
Co-Gd,mp-1201816,Gd2Co17,0.668625,0.714638,False,-0.070348,0.0,True,GAINED
Co-Gd,mp-1225806,Gd4Co3,-0.134522,0.0,True,-0.137915,0.0,True,
Co-Gd,mp-1271142,Co,0.010145,0.010145,False,0.0,0.0,True,GAINED
Co-Gd,mp-155,Gd,0.0,0.0,True,0.0,0.0,True,
Co-Gd,mp-19981,Gd,0.030212,0.030212,False,0.033975,0.033975,False,
Co-Gd,mp-2647057,Co,0.089566,0.089566,False,0.090686,0.090686,False,
Co-Gd,mp-54,Co,0.0,0.0,True,3.8e-05,3.8e-05,True,
Co-Gd,mp-542633,GdCo2,1.53201,1.630257,False,-0.142279,0.0,True,GAINED
Co-Gd,mp-570087,Gd,0.020306,0.020306,False,0.021152,0.021152,False,
Co-Gd,mp-614502,Gd,0.048381,0.048381,False,0.043918,0.043918,False,
Co-Gd,mp-669382,Co,0.117662,0.117662,False,0.10765,0.10765,False,
Co-Mn,mp-1009133,MnCo,-0.025857,0.0,True,-0.015156,0.0,True,
Co-Mn,mp-102,Co,0.016114,0.016114,False,0.019652,0.019652,False,
Co-Mn,mp-1055908,Mn,0.145445,0.145445,False,0.160365,0.160365,False,
Co-Mn,mp-1057139,Mn,0.65752,0.65752,False,0.672163,0.672163,False,
Co-Mn,mp-1072089,Co,0.199326,0.199326,False,0.205037,0.205037,False,
Co-Mn,mp-1183710,Co,0.005447,0.005447,False,0.002326,0.002326,False,
Co-Mn,mp-1185970,Mn3Co,-0.016073,0.0,True,0.003361,0.010938,False,LOST
Co-Mn,mp-1186063,MnCo3,0.076682,0.08961,False,0.037218,0.044796,False,
Co-Mn,mp-1191484,Mn,0.806585,0.806585,False,0.82508,0.82508,False,
Co-Mn,mp-1193227,Co,0.126341,0.126341,False,0.126565,0.126565,False,
Co-Mn,mp-1271142,Co,0.010145,0.010145,False,0.0,0.0,True,GAINED
Co-Mn,mp-2647025,Mn,0.052632,0.052632,False,0.074523,0.074523,False,
Co-Mn,mp-2647057,Co,0.089566,0.089566,False,0.090686,0.090686,False,
Co-Mn,mp-35,Mn,0.0,0.0,True,0.0,0.0,True,
Co-Mn,mp-54,Co,0.0,0.0,True,3.8e-05,3.8e-05,True,
Co-Mn,mp-542909,Mn,0.052947,0.052947,False,0.068178,0.068178,False,
Co-Mn,mp-669382,Co,0.117662,0.117662,False,0.10765,0.10765,False,
Co-Mn,mp-8634,Mn,0.083098,0.083098,False,0.094943,0.094943,False,
Co-Mn,mp-999543,MnCo3,0.084163,0.097092,False,0.037629,0.045207,False,
Co-Ti,mp-102,Co,0.016114,0.016114,False,0.019652,0.019652,False,
Co-Ti,mp-1072089,Co,0.199326,0.199326,False,0.205037,0.205037,False,
Co-Ti,mp-1079863,TiCo3,-0.225042,0.036661,False,-0.221807,0.035718,False,
Co-Ti,mp-1183710,Co,0.005447,0.005447,False,0.002326,0.002326,False,
Co-Ti,mp-1191331,Ti2Co,-0.284904,0.0,True,-0.28204,0.0,True,
Co-Ti,mp-1191422,TiCo2,-0.304797,0.003179,False,-0.305994,0.0,True,GAINED
Co-Ti,mp-1193227,Co,0.126341,0.126341,False,0.126565,0.126565,False,
Co-Ti,mp-1208216,TiCo4,0.727974,0.937336,False,0.737055,0.943074,False,
Co-Ti,mp-1208254,Ti4Co,0.492608,0.66355,False,0.493736,0.66296,False,
Co-Ti,mp-1238818,Ti,0.310308,0.310308,False,0.309075,0.309075,False,
Co-Ti,mp-1244924,Ti,0.183287,0.183287,False,0.182224,0.182224,False,
Co-Ti,mp-1245006,Ti,0.141384,0.141384,False,0.137373,0.137373,False,
Co-Ti,mp-1245164,Ti,0.138332,0.138332,False,0.137808,0.137808,False,
Co-Ti,mp-1245170,Ti,0.169614,0.169614,False,0.168655,0.168655,False,
Co-Ti,mp-1245320,Ti,0.155102,0.155102,False,0.162302,0.162302,False,
Co-Ti,mp-1271142,Co,0.010145,0.010145,False,0.0,0.0,True,GAINED
Co-Ti,mp-2647057,Co,0.089566,0.089566,False,0.090686,0.090686,False,
Co-Ti,mp-30566,Ti2Co,0.439726,0.724629,False,0.450337,0.732377,False,
Co-Ti,mp-46,Ti,0.004435,0.004435,False,0.005132,0.005132,False,
Co-Ti,mp-54,Co,0.0,0.0,True,3.8e-05,3.8e-05,True,
Co-Ti,mp-608,TiCo3,-0.261703,0.0,True,-0.257524,0.0,True,
Co-Ti,mp-669382,Co,0.117662,0.117662,False,0.10765,0.10765,False,
Co-Ti,mp-695,TiCo2,-0.302375,0.005601,False,-0.301887,0.004107,False,
Co-Ti,mp-6985,Ti,0.061963,0.061963,False,0.066316,0.066316,False,
Co-Ti,mp-72,Ti,0.0,0.0,True,0.0,0.0,True,
Co-Ti,mp-73,Ti,0.112036,0.112036,False,0.115654,0.115654,False,
Co-Ti,mp-823,TiCo,-0.40052,0.0,True,-0.396061,0.0,True,
Co-V,mp-1002109,VCo,-0.086133,0.098219,False,-0.085615,0.099837,False,
Co-V,mp-1017529,VCo3,-0.169152,0.003333,False,-0.170552,0.005606,False,
Co-V,mp-102,Co,0.016114,0.016114,False,0.019652,0.019652,False,
Co-V,mp-1072089,Co,0.199326,0.199326,False,0.205037,0.205037,False,
Co-V,mp-1095057,VCo3,-0.165672,0.006813,False,-0.169697,0.006462,False,
Co-V,mp-1183710,Co,0.005447,0.005447,False,0.002326,0.002326,False,
Co-V,mp-1193227,Co,0.126341,0.126341,False,0.126565,0.126565,False,
Co-V,mp-1216400,VCo4,0.050842,0.188829,False,0.03535,0.176277,False,
Co-V,mp-1216405,VCo3,0.047773,0.220258,False,0.056543,0.232702,False,
Co-V,mp-1271142,Co,0.010145,0.010145,False,0.0,0.0,True,GAINED
Co-V,mp-146,V,0.0,0.0,True,0.0,0.0,True,
Co-V,mp-1585,V3Co,-0.196219,0.0,True,-0.194746,0.0,True,
Co-V,mp-2647057,Co,0.089566,0.089566,False,0.090686,0.090686,False,
Co-V,mp-2647074,V,0.253785,0.253785,False,0.252177,0.252177,False,
Co-V,mp-54,Co,0.0,0.0,True,3.8e-05,3.8e-05,True,
Co-V,mp-542614,VCo3,-0.172485,0.0,True,-0.176159,0.0,True,
Co-V,mp-669382,Co,0.117662,0.117662,False,0.10765,0.10765,False,
Co-V,mp-680599,VCo3,0.993776,1.166261,False,0.993172,1.169331,False,
Co-V,mp-8632,V,0.24714,0.24714,False,0.236842,0.236842,False,
Co-Y,mp-102,Co,0.016114,0.016114,False,0.019652,0.019652,False,
Co-Y,mp-1072089,Co,0.199326,0.199326,False,0.205037,0.205037,False,
Co-Y,mp-1105598,Y3Co,-0.144205,0.0,True,-0.135824,0.000122,False,LOST
Co-Y,mp-1106140,Y2Co17,-0.094235,0.0,True,-0.0918,0.0,True,
Co-Y,mp-112,Y,0.00355,0.00355,False,0.0,0.0,True,GAINED
Co-Y,mp-1183710,Co,0.005447,0.005447,False,0.002326,0.002326,False,
Co-Y,mp-1187717,Y,0.006933,0.006933,False,0.009822,0.009822,False,
Co-Y,mp-1187739,Y,0.0,0.0,True,0.018676,0.018676,False,LOST
Co-Y,mp-1188333,Y2Co7,-0.059272,0.077357,False,-0.150952,0.0,True,GAINED
Co-Y,mp-1189329,Y3Co,-0.142648,0.001556,False,-0.135946,0.0,True,GAINED
Co-Y,mp-1192425,YCo3,-0.105986,0.040712,False,-0.155103,0.004627,False,
Co-Y,mp-1193227,Co,0.126341,0.126341,False,0.126565,0.126565,False,
Co-Y,mp-1216292,Y4Co3,-0.148959,0.0331,False,-0.141924,0.031181,False,
Co-Y,mp-1271142,Co,0.010145,0.010145,False,0.0,0.0,True,GAINED
Co-Y,mp-1294,YCo2,-0.176904,0.0,True,-0.174019,0.0,True,
Co-Y,mp-2588,YCo3,-0.096144,0.050554,False,-0.15973,0.0,True,GAINED
Co-Y,mp-2647057,Co,0.089566,0.089566,False,0.090686,0.090686,False,
Co-Y,mp-2827,YCo5,-0.104503,0.011988,False,-0.101078,0.021777,False,
Co-Y,mp-54,Co,0.0,0.0,True,3.8e-05,3.8e-05,True,
Co-Y,mp-570718,Y2Co17,-0.092317,0.001918,False,-0.090629,0.00117,False,
Co-Y,mp-573425,Y8Co5,-0.171517,0.001223,False,-0.164552,0.0,True,GAINED
Co-Y,mp-616512,Y3Co2,-0.165172,0.01083,False,-0.161196,0.00635,False,
Co-Y,mp-669382,Co,0.117662,0.117662,False,0.10765,0.10765,False,
Co-Y,mp-8053,YCo,-0.193673,0.003528,False,-0.187005,0.0,True,GAINED
Co-Y,mp-865373,YCo,-0.197201,0.0,True,-0.184177,0.002828,False,LOST
Co-Y,mp-9,Y,0.023963,0.023963,False,0.024577,0.024577,False,
Co-Zn,mp-102,Co,0.016114,0.016114,False,0.019652,0.019652,False,
Co-Zn,mp-1072089,Co,0.199326,0.199326,False,0.205037,0.205037,False,
Co-Zn,mp-1183710,Co,0.005447,0.005447,False,0.002326,0.002326,False,
Co-Zn,mp-1187812,Zn,0.01085,0.01085,False,0.0,0.0,True,GAINED
Co-Zn,mp-1187951,ZnCo3,0.047224,0.076359,False,0.05831,0.081333,False,
Co-Zn,mp-1187978,ZnCo,0.036646,0.094916,False,0.046204,0.09225,False,
Co-Zn,mp-1187993,Zn3Co,-0.051971,0.035434,False,-0.027702,0.041368,False,
Co-Zn,mp-1192361,Zn11Co2,-0.09861,0.0,True,-0.077925,0.0,True,
Co-Zn,mp-1193227,Co,0.126341,0.126341,False,0.126565,0.126565,False,
Co-Zn,mp-1207538,Zn17Co3,-0.08533,0.012352,False,-0.065779,0.01134,False,
Co-Zn,mp-1215431,ZnCo2,0.020071,0.058917,False,0.025604,0.056302,False,
Co-Zn,mp-1215897,Zn53Co7,-0.089633,0.0,True,-0.070142,0.0,True,
Co-Zn,mp-1244987,Zn,0.058375,0.058375,False,0.095024,0.095024,False,
Co-Zn,mp-1245093,Zn,0.055069,0.055069,False,0.095089,0.095089,False,
Co-Zn,mp-1245184,Zn,0.048852,0.048852,False,0.084253,0.084253,False,
Co-Zn,mp-1245266,Zn,0.052316,0.052316,False,0.09062,0.09062,False,
Co-Zn,mp-1271142,Co,0.010145,0.010145,False,0.0,0.0,True,GAINED
Co-Zn,mp-2646972,Zn,0.005205,0.005205,False,0.036768,0.036768,False,
Co-Zn,mp-2647057,Co,0.089566,0.089566,False,0.090686,0.090686,False,
Co-Zn,mp-2647117,Zn,0.071662,0.071662,False,0.102324,0.102324,False,
Co-Zn,mp-30568,Zn13Co,-0.057106,0.0,True,-0.043708,0.0,True,
Co-Zn,mp-54,Co,0.0,0.0,True,3.8e-05,3.8e-05,True,
Co-Zn,mp-669382,Co,0.117662,0.117662,False,0.10765,0.10765,False,
Co-Zn,mp-79,Zn,0.0,0.0,True,0.005595,0.005595,False,LOST
Co-Zn,mp-971744,ZnCo3,0.046572,0.075706,False,0.064413,0.087436,False,
Co-Zn,mp-971948,Zn3Co,-0.036882,0.050523,False,-0.015238,0.053832,False,
Co-Zn,mp-981215,Zn3Co,-0.054867,0.032537,False,-0.025591,0.043479,False,
Cr-Fe,mp-1008282,Cr3Fe,0.126792,0.126792,False,0.112209,0.112209,False,
Cr-Fe,mp-1008285,Cr3Fe,0.259411,0.259411,False,0.241833,0.241833,False,
Cr-Fe,mp-1017511,Cr3Fe,0.270225,0.270225,False,0.255313,0.255313,False,
Cr-Fe,mp-1018067,CrFe3,0.063674,0.063674,False,0.056093,0.056093,False,
Cr-Fe,mp-1018081,CrFe3,0.050003,0.050003,False,0.041632,0.041632,False,
Cr-Fe,mp-1059289,Cr,0.335908,0.335908,False,0.310405,0.310405,False,
Cr-Fe,mp-1077708,Cr2Fe,0.289243,0.289243,False,0.282452,0.282452,False,
Cr-Fe,mp-1096950,Fe,0.476699,0.476699,False,0.470606,0.470606,False,
Cr-Fe,mp-1192789,Cr,0.263578,0.263578,False,0.240158,0.240158,False,
Cr-Fe,mp-1194030,Fe,0.175289,0.175289,False,0.172779,0.172779,False,
Cr-Fe,mp-1226211,CrFe,0.092834,0.092834,False,0.082087,0.082087,False,
Cr-Fe,mp-1226230,CrFe4,0.029958,0.029958,False,0.024062,0.024062,False,
Cr-Fe,mp-1245108,Fe,0.279455,0.279455,False,0.255747,0.255747,False,
Cr-Fe,mp-1271068,Fe,0.01707,0.01707,False,0.0,0.0,True,GAINED
Cr-Fe,mp-1271128,Fe,0.099135,0.099135,False,0.111556,0.111556,False,
Cr-Fe,mp-1271198,Fe,0.054992,0.054992,False,0.162432,0.162432,False,
Cr-Fe,mp-13,Fe,0.0,0.0,True,0.000182,0.000182,False,LOST
Cr-Fe,mp-136,Fe,0.097806,0.097806,False,0.103732,0.103732,False,
Cr-Fe,mp-150,Fe,0.148365,0.148365,False,0.157182,0.157182,False,
Cr-Fe,mp-17,Cr,0.081128,0.081128,False,0.060141,0.060141,False,
Cr-Fe,mp-568345,Fe,0.761412,0.761412,False,0.759141,0.759141,False,
Cr-Fe,mp-8633,Cr,0.402526,0.402526,False,0.389809,0.389809,False,
Cr-Fe,mp-89,Cr,0.42034,0.42034,False,0.396013,0.396013,False,
Cr-Fe,mp-90,Cr,0.0,0.0,True,0.0,0.0,True,
Cu-Fe,mp-1010136,Cu,0.035708,0.035708,False,0.035523,0.035523,False,
Cu-Fe,mp-1056079,Cu,1.982934,1.982934,False,2.047267,2.047267,False,
Cu-Fe,mp-1059259,Cu,0.142906,0.142906,False,0.150243,0.150243,False,
Cu-Fe,mp-1096950,Fe,0.476699,0.476699,False,0.470606,0.470606,False,
Cu-Fe,mp-1120774,Cu,0.159117,0.159117,False,0.174446,0.174446,False,
Cu-Fe,mp-1184260,Fe3Cu,0.180964,0.180964,False,0.151683,0.151683,False,
Cu-Fe,mp-1184311,Fe3Cu,0.132275,0.132275,False,0.132288,0.132288,False,
Cu-Fe,mp-1184444,FeCu3,0.181251,0.181251,False,0.180138,0.180138,False,
Cu-Fe,mp-1194030,Fe,0.175289,0.175289,False,0.172779,0.172779,False,
Cu-Fe,mp-1224945,FeCu,0.17183,0.17183,False,0.172649,0.172649,False,
Cu-Fe,mp-1224953,FeCu3,0.105512,0.105512,False,0.108344,0.108344,False,
Cu-Fe,mp-1224977,FeCu4,0.061599,0.061599,False,0.084703,0.084703,False,
Cu-Fe,mp-1225131,Fe3Cu,0.070401,0.070401,False,0.068645,0.068645,False,
Cu-Fe,mp-1245108,Fe,0.279455,0.279455,False,0.255747,0.255747,False,
Cu-Fe,mp-1271068,Fe,0.01707,0.01707,False,0.0,0.0,True,GAINED
Cu-Fe,mp-1271128,Fe,0.099135,0.099135,False,0.111556,0.111556,False,
Cu-Fe,mp-1271198,Fe,0.054992,0.054992,False,0.162432,0.162432,False,
Cu-Fe,mp-13,Fe,0.0,0.0,True,0.000182,0.000182,False,LOST
Cu-Fe,mp-136,Fe,0.097806,0.097806,False,0.103732,0.103732,False,
Cu-Fe,mp-150,Fe,0.148365,0.148365,False,0.157182,0.157182,False,
Cu-Fe,mp-30,Cu,0.0,0.0,True,0.0,0.0,True,
Cu-Fe,mp-568345,Fe,0.761412,0.761412,False,0.759141,0.759141,False,
Cu-Fe,mp-989695,Cu,0.005766,0.005766,False,0.017,0.017,False,
Cu-Fe,mp-989782,Cu,0.007492,0.007492,False,0.025389,0.025389,False,
Cu-Fe,mp-998890,Cu,0.03664,0.03664,False,0.039812,0.039812,False,
Cu-Gd,mp-1010136,Cu,0.035708,0.035708,False,0.035523,0.035523,False,
Cu-Gd,mp-1056079,Cu,1.982934,1.982934,False,2.047267,2.047267,False,
Cu-Gd,mp-1059259,Cu,0.142906,0.142906,False,0.150243,0.150243,False,
Cu-Gd,mp-1077933,GdCu2,-0.247795,0.0,True,-0.24628,0.0,True,
Cu-Gd,mp-1120774,Cu,0.159117,0.159117,False,0.174446,0.174446,False,
Cu-Gd,mp-11421,Gd,0.0876,0.0876,False,0.091168,0.091168,False,
Cu-Gd,mp-1194708,GdCu6,-0.144101,0.0034,False,-0.142475,0.000864,False,
Cu-Gd,mp-155,Gd,0.0,0.0,True,0.0,0.0,True,
Cu-Gd,mp-19981,Gd,0.030212,0.030212,False,0.033975,0.033975,False,
Cu-Gd,mp-30,Cu,0.0,0.0,True,0.0,0.0,True,
Cu-Gd,mp-570087,Gd,0.020306,0.020306,False,0.021152,0.021152,False,
Cu-Gd,mp-614455,GdCu,-0.211289,0.0,True,-0.199975,0.0,True,
Cu-Gd,mp-614502,Gd,0.048381,0.048381,False,0.043918,0.043918,False,
Cu-Gd,mp-636253,GdCu5,-0.172084,0.0,True,-0.167228,0.0,True,
Cu-Gd,mp-989695,Cu,0.005766,0.005766,False,0.017,0.017,False,
Cu-Gd,mp-989782,Cu,0.007492,0.007492,False,0.025389,0.025389,False,
Cu-Gd,mp-998890,Cu,0.03664,0.03664,False,0.039812,0.039812,False,
Cu-Ni,mp-1008728,Ni,0.09556,0.09556,False,0.09752,0.09752,False,
Cu-Ni,mp-1010136,Cu,0.035708,0.035708,False,0.035523,0.035523,False,
Cu-Ni,mp-1014111,Ni,0.620239,0.620239,False,0.632028,0.632028,False,
Cu-Ni,mp-10257,Ni,0.026142,0.026142,False,0.022732,0.022732,False,
Cu-Ni,mp-1056079,Cu,1.982934,1.982934,False,2.047267,2.047267,False,
Cu-Ni,mp-1059259,Cu,0.142906,0.142906,False,0.150243,0.150243,False,
Cu-Ni,mp-1094136,Ni,0.739852,0.739852,False,0.713162,0.713162,False,
Cu-Ni,mp-1120774,Cu,0.159117,0.159117,False,0.174446,0.174446,False,
Cu-Ni,mp-1184054,CuNi3,0.031935,0.031935,False,0.030235,0.030235,False,
Cu-Ni,mp-1184069,CuNi,0.029276,0.029276,False,0.031971,0.031971,False,
Cu-Ni,mp-1225687,CuNi,0.018481,0.018481,False,0.010717,0.010717,False,
Cu-Ni,mp-1225694,CuNi3,0.092158,0.092158,False,0.090597,0.090597,False,
Cu-Ni,mp-1225695,CuNi,0.064863,0.064863,False,0.068501,0.068501,False,
Cu-Ni,mp-1225698,Cu3Ni,0.050509,0.050509,False,0.051974,0.051974,False,
Cu-Ni,mp-1246134,Ni,0.409911,0.409911,False,0.403887,0.403887,False,
Cu-Ni,mp-23,Ni,0.0,0.0,True,0.0,0.0,True,
Cu-Ni,mp-30,Cu,0.0,0.0,True,0.0,0.0,True,
Cu-Ni,mp-989695,Cu,0.005766,0.005766,False,0.017,0.017,False,
Cu-Ni,mp-989782,Cu,0.007492,0.007492,False,0.025389,0.025389,False,
Cu-Ni,mp-998890,Cu,0.03664,0.03664,False,0.039812,0.039812,False,
Cu-Y,mp-1010136,Cu,0.035708,0.035708,False,0.035523,0.035523,False,
Cu-Y,mp-1056079,Cu,1.982934,1.982934,False,2.047267,2.047267,False,
Cu-Y,mp-1059259,Cu,0.142906,0.142906,False,0.150243,0.150243,False,
Cu-Y,mp-1077241,YCu2,-0.154954,0.106105,False,-0.160403,0.10319,False,
Cu-Y,mp-1080443,YCu,-0.258562,0.0,True,-0.255215,0.0,True,
Cu-Y,mp-1102436,YCu2,-0.187613,0.073446,False,-0.189315,0.074277,False,
Cu-Y,mp-112,Y,0.00355,0.00355,False,0.0,0.0,True,GAINED
Cu-Y,mp-1120774,Cu,0.159117,0.159117,False,0.174446,0.174446,False,
Cu-Y,mp-1187717,Y,0.006933,0.006933,False,0.009822,0.009822,False,
Cu-Y,mp-1187739,Y,0.0,0.0,True,0.018676,0.018676,False,LOST
Cu-Y,mp-1190402,Y2Cu3,0.346416,0.606476,False,0.347755,0.607997,False,
Cu-Y,mp-2698,YCu2,-0.261059,0.0,True,-0.263593,0.0,True,
Cu-Y,mp-2797,YCu5,-0.190248,0.0,True,-0.17454,0.0,True,
Cu-Y,mp-30,Cu,0.0,0.0,True,0.0,0.0,True,
Cu-Y,mp-712,YCu,-0.244927,0.013635,False,-0.217504,0.03771,False,
Cu-Y,mp-9,Y,0.023963,0.023963,False,0.024577,0.024577,False,
Cu-Y,mp-989695,Cu,0.005766,0.005766,False,0.017,0.017,False,
Cu-Y,mp-989782,Cu,0.007492,0.007492,False,0.025389,0.025389,False,
Cu-Y,mp-998890,Cu,0.03664,0.03664,False,0.039812,0.039812,False,
Fe-Gd,mp-1096950,Fe,0.476699,0.476699,False,0.470606,0.470606,False,
Fe-Gd,mp-11421,Gd,0.0876,0.0876,False,0.091168,0.091168,False,
Fe-Gd,mp-1181137,GdFe5,0.009751,0.015075,False,0.003905,0.003905,False,
Fe-Gd,mp-1194030,Fe,0.175289,0.175289,False,0.172779,0.172779,False,
Fe-Gd,mp-1194558,Gd6Fe23,1.242713,1.247781,False,0.014874,0.014874,False,
Fe-Gd,mp-1196805,Gd2Fe17,-0.005717,0.0,True,0.023326,0.023326,False,LOST
Fe-Gd,mp-1245108,Fe,0.279455,0.279455,False,0.255747,0.255747,False,
Fe-Gd,mp-1271068,Fe,0.01707,0.01707,False,0.0,0.0,True,GAINED
Fe-Gd,mp-1271128,Fe,0.099135,0.099135,False,0.111556,0.111556,False,
Fe-Gd,mp-1271198,Fe,0.054992,0.054992,False,0.162432,0.162432,False,
Fe-Gd,mp-13,Fe,0.0,0.0,True,0.000182,0.000182,False,LOST
Fe-Gd,mp-136,Fe,0.097806,0.097806,False,0.103732,0.103732,False,
Fe-Gd,mp-150,Fe,0.148365,0.148365,False,0.157182,0.157182,False,
Fe-Gd,mp-155,Gd,0.0,0.0,True,0.0,0.0,True,
Fe-Gd,mp-19981,Gd,0.030212,0.030212,False,0.033975,0.033975,False,
Fe-Gd,mp-20089,GdFe2,0.016234,0.020494,False,0.011319,0.011319,False,
Fe-Gd,mp-568345,Fe,0.761412,0.761412,False,0.759141,0.759141,False,
Fe-Gd,mp-570087,Gd,0.020306,0.020306,False,0.021152,0.021152,False,
Fe-Gd,mp-581734,Gd2Fe17,-0.005382,0.000335,False,0.024124,0.024124,False,
Fe-Gd,mp-614502,Gd,0.048381,0.048381,False,0.043918,0.043918,False,
Fe-Mn,mp-1009134,MnFe,0.092559,0.092559,False,0.043854,0.043854,False,
Fe-Mn,mp-1055908,Mn,0.145445,0.145445,False,0.160365,0.160365,False,
Fe-Mn,mp-1057139,Mn,0.65752,0.65752,False,0.672163,0.672163,False,
Fe-Mn,mp-1096950,Fe,0.476699,0.476699,False,0.470606,0.470606,False,
Fe-Mn,mp-1191484,Mn,0.806585,0.806585,False,0.82508,0.82508,False,
Fe-Mn,mp-1194030,Fe,0.175289,0.175289,False,0.172779,0.172779,False,
Fe-Mn,mp-1221628,MnFe3,0.065649,0.065649,False,0.070052,0.070052,False,
Fe-Mn,mp-1221635,MnFe4,0.035551,0.035551,False,0.040152,0.040152,False,
Fe-Mn,mp-1221991,Mn7Fe3,0.087501,0.087501,False,0.065586,0.065586,False,
Fe-Mn,mp-1245108,Fe,0.279455,0.279455,False,0.255747,0.255747,False,
Fe-Mn,mp-1271068,Fe,0.01707,0.01707,False,0.0,0.0,True,GAINED
Fe-Mn,mp-1271128,Fe,0.099135,0.099135,False,0.111556,0.111556,False,
Fe-Mn,mp-1271198,Fe,0.054992,0.054992,False,0.162432,0.162432,False,
Fe-Mn,mp-13,Fe,0.0,0.0,True,0.000182,0.000182,False,LOST
Fe-Mn,mp-136,Fe,0.097806,0.097806,False,0.103732,0.103732,False,
Fe-Mn,mp-150,Fe,0.148365,0.148365,False,0.157182,0.157182,False,
Fe-Mn,mp-2647025,Mn,0.052632,0.052632,False,0.074523,0.074523,False,
Fe-Mn,mp-35,Mn,0.0,0.0,True,0.0,0.0,True,
Fe-Mn,mp-542909,Mn,0.052947,0.052947,False,0.068178,0.068178,False,
Fe-Mn,mp-568345,Fe,0.761412,0.761412,False,0.759141,0.759141,False,
Fe-Mn,mp-8634,Mn,0.083098,0.083098,False,0.094943,0.094943,False,
Fe-Mn,mp-999542,MnFe3,0.051221,0.051221,False,0.05866,0.05866,False,
Fe-Mn,mp-999545,Mn3Fe,0.118937,0.118937,False,0.034478,0.034478,False,
Fe-Ti,mp-1096950,Fe,0.476699,0.476699,False,0.470606,0.470606,False,
Fe-Ti,mp-1192216,Ti2Fe,-0.21487,0.065683,False,-0.212512,0.070401,False,
Fe-Ti,mp-1194030,Fe,0.175289,0.175289,False,0.172779,0.172779,False,
Fe-Ti,mp-1216834,TiFe,-0.113649,0.307181,False,-0.11389,0.310479,False,
Fe-Ti,mp-1216986,TiFe4,0.125868,0.295899,False,0.09833,0.268952,False,
Fe-Ti,mp-1217161,Ti4Fe,-0.003614,0.164718,False,0.006577,0.176325,False,
Fe-Ti,mp-1217177,Ti3Fe,0.041433,0.251848,False,0.040744,0.252929,False,
Fe-Ti,mp-1238818,Ti,0.310308,0.310308,False,0.309075,0.309075,False,
Fe-Ti,mp-1244924,Ti,0.183287,0.183287,False,0.182224,0.182224,False,
Fe-Ti,mp-1245006,Ti,0.141384,0.141384,False,0.137373,0.137373,False,
Fe-Ti,mp-1245108,Fe,0.279455,0.279455,False,0.255747,0.255747,False,
Fe-Ti,mp-1245164,Ti,0.138332,0.138332,False,0.137808,0.137808,False,
Fe-Ti,mp-1245170,Ti,0.169614,0.169614,False,0.168655,0.168655,False,
Fe-Ti,mp-1245320,Ti,0.155102,0.155102,False,0.162302,0.162302,False,
Fe-Ti,mp-1271068,Fe,0.01707,0.01707,False,0.0,0.0,True,GAINED
Fe-Ti,mp-1271128,Fe,0.099135,0.099135,False,0.111556,0.111556,False,
Fe-Ti,mp-1271198,Fe,0.054992,0.054992,False,0.162432,0.162432,False,
Fe-Ti,mp-13,Fe,0.0,0.0,True,0.000182,0.000182,False,LOST
Fe-Ti,mp-136,Fe,0.097806,0.097806,False,0.103732,0.103732,False,
Fe-Ti,mp-150,Fe,0.148365,0.148365,False,0.157182,0.157182,False,
Fe-Ti,mp-2454,TiFe2,-0.283385,0.0,True,-0.284369,0.0,True,
Fe-Ti,mp-305,TiFe,-0.42083,0.0,True,-0.424369,0.0,True,
Fe-Ti,mp-46,Ti,0.004435,0.004435,False,0.005132,0.005132,False,
Fe-Ti,mp-568345,Fe,0.761412,0.761412,False,0.759141,0.759141,False,
Fe-Ti,mp-6985,Ti,0.061963,0.061963,False,0.066316,0.066316,False,
Fe-Ti,mp-72,Ti,0.0,0.0,True,0.0,0.0,True,
Fe-Ti,mp-73,Ti,0.112036,0.112036,False,0.115654,0.115654,False,
Fe-V,mp-1079399,V3Fe,-0.171137,0.0,True,-0.172764,0.0,True,
Fe-V,mp-1096950,Fe,0.476699,0.476699,False,0.470606,0.470606,False,
Fe-V,mp-1187697,V3Fe,-0.139896,0.031241,False,-0.146054,0.02671,False,
Fe-V,mp-1194030,Fe,0.175289,0.175289,False,0.172779,0.172779,False,
Fe-V,mp-1216329,VFe4,-0.043636,0.059009,False,-0.043083,0.06225,False,
Fe-V,mp-1216347,VFe,-0.103579,0.046142,False,-0.107432,0.044783,False,
Fe-V,mp-1216352,VFe3,-0.055534,0.072773,False,-0.057611,0.074054,False,
Fe-V,mp-1245108,Fe,0.279455,0.279455,False,0.255747,0.255747,False,
Fe-V,mp-1271068,Fe,0.01707,0.01707,False,0.0,0.0,True,GAINED
Fe-V,mp-1271128,Fe,0.099135,0.099135,False,0.111556,0.111556,False,
Fe-V,mp-1271198,Fe,0.054992,0.054992,False,0.162432,0.162432,False,
Fe-V,mp-13,Fe,0.0,0.0,True,0.000182,0.000182,False,LOST
Fe-V,mp-1335,VFe,-0.127012,0.02271,False,-0.12819,0.024025,False,
Fe-V,mp-136,Fe,0.097806,0.097806,False,0.103732,0.103732,False,
Fe-V,mp-146,V,0.0,0.0,True,0.0,0.0,True,
Fe-V,mp-150,Fe,0.148365,0.148365,False,0.157182,0.157182,False,
Fe-V,mp-2647074,V,0.253785,0.253785,False,0.252177,0.252177,False,
Fe-V,mp-568345,Fe,0.761412,0.761412,False,0.759141,0.759141,False,
Fe-V,mp-8632,V,0.24714,0.24714,False,0.236842,0.236842,False,
Fe-V,mp-866134,VFe3,-0.128307,0.0,True,-0.131666,0.0,True,
Fe-Y,mp-1096950,Fe,0.476699,0.476699,False,0.470606,0.470606,False,
Fe-Y,mp-1102392,YFe3,-0.060966,0.0,True,-0.066008,0.0,True,
Fe-Y,mp-1104222,YFe12,0.000626,0.020265,False,0.003046,0.023356,False,
Fe-Y,mp-1105569,Y2Fe17,-0.006642,0.020232,False,-0.007568,0.020225,False,
Fe-Y,mp-112,Y,0.00355,0.00355,False,0.0,0.0,True,GAINED
Fe-Y,mp-11385,YFe5,-0.04255,0.0,True,-0.043118,0.000887,False,LOST
Fe-Y,mp-1178773,YFe2,-0.060391,0.002047,False,-0.060883,0.000824,False,
Fe-Y,mp-1178900,YFe2,-0.059446,0.002992,False,-0.061707,0.0,True,GAINED
Fe-Y,mp-1187717,Y,0.006933,0.006933,False,0.009822,0.009822,False,
Fe-Y,mp-1187739,Y,0.0,0.0,True,0.018676,0.018676,False,LOST
Fe-Y,mp-1192321,YFe3,-0.060356,0.00061,False,-0.060179,0.005829,False,
Fe-Y,mp-1194030,Fe,0.175289,0.175289,False,0.172779,0.172779,False,
Fe-Y,mp-1196012,Y2Fe17,-0.007878,0.018996,False,-0.0079,0.019892,False,
Fe-Y,mp-1245108,Fe,0.279455,0.279455,False,0.255747,0.255747,False,
Fe-Y,mp-1271068,Fe,0.01707,0.01707,False,0.0,0.0,True,GAINED
Fe-Y,mp-1271128,Fe,0.099135,0.099135,False,0.111556,0.111556,False,
Fe-Y,mp-1271198,Fe,0.054992,0.054992,False,0.162432,0.162432,False,
Fe-Y,mp-13,Fe,0.0,0.0,True,0.000182,0.000182,False,LOST
Fe-Y,mp-13412,Y3Fe29,-0.002934,0.021,False,-0.003735,0.021018,False,
Fe-Y,mp-136,Fe,0.097806,0.097806,False,0.103732,0.103732,False,
Fe-Y,mp-150,Fe,0.148365,0.148365,False,0.157182,0.157182,False,
Fe-Y,mp-1570,YFe2,-0.062438,0.0,True,-0.060942,0.000765,False,LOST
Fe-Y,mp-30641,Y6Fe23,-0.04159,0.00985,False,-0.041713,0.012914,False,
Fe-Y,mp-568345,Fe,0.761412,0.761412,False,0.759141,0.759141,False,
Fe-Y,mp-9,Y,0.023963,0.023963,False,0.024577,0.024577,False,
Fe-Zn,mp-1096950,Fe,0.476699,0.476699,False,0.470606,0.470606,False,
Fe-Zn,mp-1187812,Zn,0.01085,0.01085,False,0.0,0.0,True,GAINED
Fe-Zn,mp-1194030,Fe,0.175289,0.175289,False,0.172779,0.172779,False,
Fe-Zn,mp-1207450,Zn9Fe4,-0.043228,0.0,True,-0.02308,0.0,True,
Fe-Zn,mp-1215473,ZnFe,-0.008659,0.022561,False,-0.000742,0.015927,False,
Fe-Zn,mp-1215526,ZnFe3,0.019976,0.035586,False,0.025083,0.033418,False,
Fe-Zn,mp-1215649,Zn13Fe,0.071132,0.101978,False,0.083072,0.100069,False,
Fe-Zn,mp-1215735,Zn10Fe3,-0.033192,0.006005,False,-0.020915,0.000185,False,
Fe-Zn,mp-1215884,Zn9Fe4,0.040988,0.084216,False,0.060153,0.083233,False,
Fe-Zn,mp-1244987,Zn,0.058375,0.058375,False,0.095024,0.095024,False,
Fe-Zn,mp-1245093,Zn,0.055069,0.055069,False,0.095089,0.095089,False,
Fe-Zn,mp-1245108,Fe,0.279455,0.279455,False,0.255747,0.255747,False,
Fe-Zn,mp-1245184,Zn,0.048852,0.048852,False,0.084253,0.084253,False,
Fe-Zn,mp-1245266,Zn,0.052316,0.052316,False,0.09062,0.09062,False,
Fe-Zn,mp-1271068,Fe,0.01707,0.01707,False,0.0,0.0,True,GAINED
Fe-Zn,mp-1271128,Fe,0.099135,0.099135,False,0.111556,0.111556,False,
Fe-Zn,mp-1271198,Fe,0.054992,0.054992,False,0.162432,0.162432,False,
Fe-Zn,mp-13,Fe,0.0,0.0,True,0.000182,0.000182,False,LOST
Fe-Zn,mp-136,Fe,0.097806,0.097806,False,0.103732,0.103732,False,
Fe-Zn,mp-150,Fe,0.148365,0.148365,False,0.157182,0.157182,False,
Fe-Zn,mp-1722,Zn13Fe,-0.030846,0.0,True,-0.016997,0.0,True,
Fe-Zn,mp-2646972,Zn,0.005205,0.005205,False,0.036768,0.036768,False,
Fe-Zn,mp-2647117,Zn,0.071662,0.071662,False,0.102324,0.102324,False,
Fe-Zn,mp-568345,Fe,0.761412,0.761412,False,0.759141,0.759141,False,
Fe-Zn,mp-79,Zn,0.0,0.0,True,0.005595,0.005595,False,LOST
Gd-Mn,mp-1055908,Mn,0.145445,0.145445,False,0.160365,0.160365,False,
Gd-Mn,mp-1057139,Mn,0.65752,0.65752,False,0.672163,0.672163,False,
Gd-Mn,mp-1076939,GdMn2,0.218314,0.218314,False,0.231131,0.231131,False,
Gd-Mn,mp-11421,Gd,0.0876,0.0876,False,0.091168,0.091168,False,
Gd-Mn,mp-1191484,Mn,0.806585,0.806585,False,0.82508,0.82508,False,
Gd-Mn,mp-1194710,Gd6Mn23,0.926403,0.926403,False,0.078392,0.078392,False,
Gd-Mn,mp-155,Gd,0.0,0.0,True,0.0,0.0,True,
Gd-Mn,mp-19981,Gd,0.030212,0.030212,False,0.033975,0.033975,False,
Gd-Mn,mp-2647025,Mn,0.052632,0.052632,False,0.074523,0.074523,False,
Gd-Mn,mp-35,Mn,0.0,0.0,True,0.0,0.0,True,
Gd-Mn,mp-542909,Mn,0.052947,0.052947,False,0.068178,0.068178,False,
Gd-Mn,mp-570087,Gd,0.020306,0.020306,False,0.021152,0.021152,False,
Gd-Mn,mp-614502,Gd,0.048381,0.048381,False,0.043918,0.043918,False,
Gd-Mn,mp-639892,GdMn12,0.021436,0.021436,False,0.031867,0.031867,False,
Gd-Mn,mp-8634,Mn,0.083098,0.083098,False,0.094943,0.094943,False,
Gd-Mn,mp-976591,GdMn3,1.913028,1.913028,False,0.373004,0.373004,False,
Gd-Ni,mp-1008728,Ni,0.09556,0.09556,False,0.09752,0.09752,False,
Gd-Ni,mp-1014111,Ni,0.620239,0.620239,False,0.632028,0.632028,False,
Gd-Ni,mp-10257,Ni,0.026142,0.026142,False,0.022732,0.022732,False,
Gd-Ni,mp-1094136,Ni,0.739852,0.739852,False,0.713162,0.713162,False,
Gd-Ni,mp-1101986,GdNi3,-0.383423,0.0,True,-0.393563,0.000383,False,LOST
Gd-Ni,mp-11421,Gd,0.0876,0.0876,False,0.091168,0.091168,False,
Gd-Ni,mp-1246134,Ni,0.409911,0.409911,False,0.403887,0.403887,False,
Gd-Ni,mp-155,Gd,0.0,0.0,True,0.0,0.0,True,
Gd-Ni,mp-19981,Gd,0.030212,0.030212,False,0.033975,0.033975,False,
Gd-Ni,mp-21305,GdNi5,-0.310156,0.0,True,-0.315891,0.0,True,
Gd-Ni,mp-23,Ni,0.0,0.0,True,0.0,0.0,True,
Gd-Ni,mp-542632,GdNi,-0.410239,0.0,True,-0.414154,0.0,True,
Gd-Ni,mp-543019,GdNi2,-0.413901,0.0,True,-0.416923,0.0,True,
Gd-Ni,mp-570087,Gd,0.020306,0.020306,False,0.021152,0.021152,False,
Gd-Ni,mp-580102,Gd2Ni17,0.40357,0.599458,False,-0.193441,0.006069,False,
Gd-Ni,mp-614502,Gd,0.048381,0.048381,False,0.043918,0.043918,False,
Gd-Ni,mp-669713,Gd2Ni7,-0.369857,0.0,True,-0.386288,0.0,True,
Gd-Zn,mp-1076988,GdZn2,-0.390932,0.0,True,-0.375192,0.0,True,
Gd-Zn,mp-11421,Gd,0.0876,0.0876,False,0.091168,0.091168,False,
Gd-Zn,mp-1184460,Gd3Zn,-0.069491,0.11303,False,-0.058251,0.119253,False,
Gd-Zn,mp-1187812,Zn,0.01085,0.01085,False,0.0,0.0,True,GAINED
Gd-Zn,mp-1193017,Gd6Zn23,-0.308785,0.004499,False,-0.295438,0.0,True,GAINED
Gd-Zn,mp-1198632,Gd2Zn17,-0.245733,0.005135,False,-0.218637,0.004955,False,
Gd-Zn,mp-1244987,Zn,0.058375,0.058375,False,0.095024,0.095024,False,
Gd-Zn,mp-1245093,Zn,0.055069,0.055069,False,0.095089,0.095089,False,
Gd-Zn,mp-1245184,Zn,0.048852,0.048852,False,0.084253,0.084253,False,
Gd-Zn,mp-1245266,Zn,0.052316,0.052316,False,0.09062,0.09062,False,
Gd-Zn,mp-155,Gd,0.0,0.0,True,0.0,0.0,True,
Gd-Zn,mp-19981,Gd,0.030212,0.030212,False,0.033975,0.033975,False,
Gd-Zn,mp-2497,GdZn,-0.365043,0.0,True,-0.355007,0.0,True,
Gd-Zn,mp-2646972,Zn,0.005205,0.005205,False,0.036768,0.036768,False,
Gd-Zn,mp-2647117,Zn,0.071662,0.071662,False,0.102324,0.102324,False,
Gd-Zn,mp-542437,Gd2Zn17,-0.250868,0.0,True,-0.223591,0.0,True,
Gd-Zn,mp-570087,Gd,0.020306,0.020306,False,0.021152,0.021152,False,
Gd-Zn,mp-614502,Gd,0.048381,0.048381,False,0.043918,0.043918,False,
Gd-Zn,mp-79,Zn,0.0,0.0,True,0.005595,0.005595,False,LOST
Mn-Y,mp-1055908,Mn,0.145445,0.145445,False,0.160365,0.160365,False,
Mn-Y,mp-1057139,Mn,0.65752,0.65752,False,0.672163,0.672163,False,
Mn-Y,mp-1062072,YMn2,0.751583,0.752599,False,0.76544,0.76544,False,
Mn-Y,mp-1103127,YMn2,0.104739,0.105755,False,0.099636,0.099636,False,
Mn-Y,mp-112,Y,0.00355,0.00355,False,0.0,0.0,True,GAINED
Mn-Y,mp-1187717,Y,0.006933,0.006933,False,0.009822,0.009822,False,
Mn-Y,mp-1187739,Y,0.0,0.0,True,0.018676,0.018676,False,LOST
Mn-Y,mp-1191484,Mn,0.806585,0.806585,False,0.82508,0.82508,False,
Mn-Y,mp-1355,Y6Mn23,0.096445,0.097653,False,0.043379,0.043379,False,
Mn-Y,mp-22508,YMn12,-0.001407,0.0,True,0.016417,0.016417,False,LOST
Mn-Y,mp-2647025,Mn,0.052632,0.052632,False,0.074523,0.074523,False,
Mn-Y,mp-35,Mn,0.0,0.0,True,0.0,0.0,True,
Mn-Y,mp-542909,Mn,0.052947,0.052947,False,0.068178,0.068178,False,
Mn-Y,mp-558,YMn2,0.160752,0.161768,False,0.172836,0.172836,False,
Mn-Y,mp-8634,Mn,0.083098,0.083098,False,0.094943,0.094943,False,
Mn-Y,mp-9,Y,0.023963,0.023963,False,0.024577,0.024577,False,
Ni-Ti,mp-1008728,Ni,0.09556,0.09556,False,0.09752,0.09752,False,
Ni-Ti,mp-1014111,Ni,0.620239,0.620239,False,0.632028,0.632028,False,
Ni-Ti,mp-10257,Ni,0.026142,0.026142,False,0.022732,0.022732,False,
Ni-Ti,mp-1048,TiNi,-0.395855,0.0,True,-0.395855,0.001938,False,LOST
Ni-Ti,mp-1067248,TiNi,-0.393848,0.002007,False,-0.397794,0.0,True,GAINED
Ni-Ti,mp-1067475,TiNi,-0.324109,0.071746,False,-0.331861,0.065932,False,
Ni-Ti,mp-1094136,Ni,0.739852,0.739852,False,0.713162,0.713162,False,
Ni-Ti,mp-1179013,TiNi,-0.385805,0.01005,False,-0.394287,0.003507,False,
Ni-Ti,mp-1187671,Ti3Ni,-0.076653,0.131343,False,-0.0803,0.126892,False,
Ni-Ti,mp-1189328,TiNi,-0.37349,0.022365,False,-0.376628,0.021165,False,
Ni-Ti,mp-1190013,TiNi,-0.361284,0.034571,False,-0.360771,0.037023,False,
Ni-Ti,mp-1216890,TiNi,-0.099395,0.29646,False,-0.105413,0.292381,False,
Ni-Ti,mp-1238818,Ti,0.310308,0.310308,False,0.309075,0.309075,False,
Ni-Ti,mp-1244924,Ti,0.183287,0.183287,False,0.182224,0.182224,False,
Ni-Ti,mp-1245006,Ti,0.141384,0.141384,False,0.137373,0.137373,False,
Ni-Ti,mp-1245164,Ti,0.138332,0.138332,False,0.137808,0.137808,False,
Ni-Ti,mp-1245170,Ti,0.169614,0.169614,False,0.168655,0.168655,False,
Ni-Ti,mp-1245320,Ti,0.155102,0.155102,False,0.162302,0.162302,False,
Ni-Ti,mp-1246134,Ni,0.409911,0.409911,False,0.403887,0.403887,False,
Ni-Ti,mp-1409,TiNi3,-0.482795,0.0,True,-0.482037,0.0,True,
Ni-Ti,mp-1808,Ti2Ni,-0.277329,0.0,True,-0.276255,0.0,True,
Ni-Ti,mp-23,Ni,0.0,0.0,True,0.0,0.0,True,
Ni-Ti,mp-2716,TiNi,-0.371092,0.024763,False,-0.371082,0.026712,False,
Ni-Ti,mp-46,Ti,0.004435,0.004435,False,0.005132,0.005132,False,
Ni-Ti,mp-567653,Ti3Ni4,-0.412998,0.007697,False,-0.410585,0.011278,False,
Ni-Ti,mp-571,TiNi,-0.347361,0.048494,False,-0.347601,0.050192,False,
Ni-Ti,mp-597,TiNi,-0.373154,0.022701,False,-0.376776,0.021018,False,
Ni-Ti,mp-603347,TiNi,-0.378451,0.017404,False,-0.381997,0.015797,False,
Ni-Ti,mp-640189,TiNi,-0.376887,0.018968,False,-0.379966,0.017827,False,
Ni-Ti,mp-6985,Ti,0.061963,0.061963,False,0.066316,0.066316,False,
Ni-Ti,mp-72,Ti,0.0,0.0,True,0.0,0.0,True,
Ni-Ti,mp-73,Ti,0.112036,0.112036,False,0.115654,0.115654,False,
Ni-Ti,mp-981209,Ti3Ni,-0.078961,0.129035,False,-0.080427,0.126765,False,
Ni-Ti,mp-998945,TiNi,-0.329214,0.066641,False,-0.332019,0.065775,False,
Ni-V,mp-1008728,Ni,0.09556,0.09556,False,0.09752,0.09752,False,
Ni-V,mp-1014111,Ni,0.620239,0.620239,False,0.632028,0.632028,False,
Ni-V,mp-10257,Ni,0.026142,0.026142,False,0.022732,0.022732,False,
Ni-V,mp-1094136,Ni,0.739852,0.739852,False,0.713162,0.713162,False,
Ni-V,mp-11531,VNi2,-0.242251,0.0,True,-0.243263,0.0,True,
Ni-V,mp-1216313,VNi,-0.012796,0.195264,False,-0.024733,0.18282,False,
Ni-V,mp-1216314,VNi3,-0.095559,0.146584,False,-0.104416,0.13854,False,
Ni-V,mp-1216317,VNi3,-0.024998,0.217145,False,-0.026107,0.216849,False,
Ni-V,mp-1216708,V3Ni2,-0.187545,0.0,True,-0.185269,0.000859,False,LOST
Ni-V,mp-1246134,Ni,0.409911,0.409911,False,0.403887,0.403887,False,
Ni-V,mp-146,V,0.0,0.0,True,0.0,0.0,True,
Ni-V,mp-171,VNi3,-0.242144,0.0,True,-0.242955,0.0,True,
Ni-V,mp-23,Ni,0.0,0.0,True,0.0,0.0,True,
Ni-V,mp-2647074,V,0.253785,0.253785,False,0.252177,0.252177,False,
Ni-V,mp-7226,V3Ni,-0.156231,0.0,True,-0.153989,0.0,True,
Ni-V,mp-8632,V,0.24714,0.24714,False,0.236842,0.236842,False,
Ni-Y,mp-1008728,Ni,0.09556,0.09556,False,0.09752,0.09752,False,
Ni-Y,mp-1014111,Ni,0.620239,0.620239,False,0.632028,0.632028,False,
Ni-Y,mp-1019,YNi2,-0.417366,0.005394,False,-0.415762,0.010188,False,
Ni-Y,mp-10257,Ni,0.026142,0.026142,False,0.022732,0.022732,False,
Ni-Y,mp-1094136,Ni,0.739852,0.739852,False,0.713162,0.713162,False,
Ni-Y,mp-1105633,Y3Ni,-0.239335,0.0,True,-0.23729,0.0,True,
Ni-Y,mp-112,Y,0.00355,0.00355,False,0.0,0.0,True,GAINED
Ni-Y,mp-1187717,Y,0.006933,0.006933,False,0.009822,0.009822,False,
Ni-Y,mp-1187739,Y,0.0,0.0,True,0.018676,0.018676,False,LOST
Ni-Y,mp-1196175,Y2Ni17,-0.194155,0.007135,False,-0.197178,0.002973,False,
Ni-Y,mp-1200338,Y15Ni32,-0.421988,0.0,True,-0.425067,0.0,True,
Ni-Y,mp-1201276,Y2Ni7,-0.372718,0.008522,False,-0.375531,0.019927,False,
Ni-Y,mp-1207883,Y4Ni,0.2477,0.439168,False,0.246039,0.435871,False,
Ni-Y,mp-1246134,Ni,0.409911,0.409911,False,0.403887,0.403887,False,
Ni-Y,mp-1364,YNi,-0.431825,0.0,True,-0.436316,0.0,True,
Ni-Y,mp-2152,YNi5,-0.318709,0.0,True,-0.316905,0.0,True,
Ni-Y,mp-23,Ni,0.0,0.0,True,0.0,0.0,True,
Ni-Y,mp-569196,YNi3,-0.3951,0.0,True,-0.399439,0.004504,False,LOST
Ni-Y,mp-574339,Y2Ni7,-0.38124,0.0,True,-0.395458,0.0,True,
Ni-Y,mp-582134,Y3Ni2,-0.355962,0.0,True,-0.353752,0.002954,False,LOST
Ni-Y,mp-9,Y,0.023963,0.023963,False,0.024577,0.024577,False,
Ti-Y,mp-112,Y,0.00355,0.00355,False,0.0,0.0,True,GAINED
Ti-Y,mp-1187717,Y,0.006933,0.006933,False,0.009822,0.009822,False,
Ti-Y,mp-1187739,Y,0.0,0.0,True,0.018676,0.018676,False,LOST
Ti-Y,mp-1238818,Ti,0.310308,0.310308,False,0.309075,0.309075,False,
Ti-Y,mp-1244924,Ti,0.183287,0.183287,False,0.182224,0.182224,False,
Ti-Y,mp-1245006,Ti,0.141384,0.141384,False,0.137373,0.137373,False,
Ti-Y,mp-1245164,Ti,0.138332,0.138332,False,0.137808,0.137808,False,
Ti-Y,mp-1245170,Ti,0.169614,0.169614,False,0.168655,0.168655,False,
Ti-Y,mp-1245320,Ti,0.155102,0.155102,False,0.162302,0.162302,False,
Ti-Y,mp-46,Ti,0.004435,0.004435,False,0.005132,0.005132,False,
Ti-Y,mp-6985,Ti,0.061963,0.061963,False,0.066316,0.066316,False,
Ti-Y,mp-72,Ti,0.0,0.0,True,0.0,0.0,True,
Ti-Y,mp-73,Ti,0.112036,0.112036,False,0.115654,0.115654,False,
Ti-Y,mp-9,Y,0.023963,0.023963,False,0.024577,0.024577,False,
Ti-Y,mp-999484,YTi,0.364475,0.364475,False,0.369009,0.369009,False,
Y-Zn,mp-1072382,YZn2,-0.351025,0.022266,False,-0.338383,0.014491,False,
Y-Zn,mp-1095495,YZn2,-0.342972,0.030318,False,-0.317232,0.035642,False,
Y-Zn,mp-1103536,Y3Zn11,-0.349104,0.0,True,-0.333557,0.0,True,
Y-Zn,mp-112,Y,0.00355,0.00355,False,0.0,0.0,True,GAINED
Y-Zn,mp-1187717,Y,0.006933,0.006933,False,0.009822,0.009822,False,
Y-Zn,mp-1187739,Y,0.0,0.0,True,0.018676,0.018676,False,LOST
Y-Zn,mp-1187812,Zn,0.01085,0.01085,False,0.0,0.0,True,GAINED
Y-Zn,mp-1189228,Y2Zn3,0.159525,0.530211,False,0.169247,0.524095,False,
Y-Zn,mp-1192854,Y6Zn23,-0.325372,0.016967,False,-0.308394,0.01761,False,
Y-Zn,mp-1200992,Y2Zn17,-0.245743,0.003546,False,-0.217925,0.004189,False,
Y-Zn,mp-1202791,YZn5,-0.284993,0.020514,False,-0.255212,0.029669,False,
Y-Zn,mp-1244987,Zn,0.058375,0.058375,False,0.095024,0.095024,False,
Y-Zn,mp-1245093,Zn,0.055069,0.055069,False,0.095089,0.095089,False,
Y-Zn,mp-1245184,Zn,0.048852,0.048852,False,0.084253,0.084253,False,
Y-Zn,mp-1245266,Zn,0.052316,0.052316,False,0.09062,0.09062,False,
Y-Zn,mp-17639,Y2Zn17,-0.249289,0.0,True,-0.222114,0.0,True,
Y-Zn,mp-179,YZn,-0.088154,0.278624,False,-0.073075,0.284732,False,
Y-Zn,mp-2516,YZn,-0.366779,0.0,True,-0.357807,0.0,True,
Y-Zn,mp-2646972,Zn,0.005205,0.005205,False,0.036768,0.036768,False,
Y-Zn,mp-2647117,Zn,0.071662,0.071662,False,0.102324,0.102324,False,
Y-Zn,mp-30884,YZn3,-0.376546,0.0,True,-0.350408,0.0,True,
Y-Zn,mp-30885,YZn5,-0.295678,0.009829,False,-0.279075,0.005806,False,
Y-Zn,mp-30886,YZn12,-0.185829,0.0,True,-0.164251,0.0,True,
Y-Zn,mp-79,Zn,0.0,0.0,True,0.005595,0.005595,False,LOST
Y-Zn,mp-9,Y,0.023963,0.023963,False,0.024577,0.024577,False,
Co-Cu-Y,mp-1010136,Cu,0.035708,0.035708,False,0.035523,0.035523,False,
Co-Cu-Y,mp-102,Co,0.016114,0.016114,False,0.019652,0.019652,False,
Co-Cu-Y,mp-1056079,Cu,1.982934,1.982934,False,2.047267,2.047267,False,
Co-Cu-Y,mp-1059259,Cu,0.142906,0.142906,False,0.150243,0.150243,False,
Co-Cu-Y,mp-1072089,Co,0.199326,0.199326,False,0.205037,0.205037,False,
Co-Cu-Y,mp-1077241,YCu2,-0.154954,0.106105,False,-0.160403,0.10319,False,
Co-Cu-Y,mp-1080443,YCu,-0.258562,0.0,True,-0.255215,0.0,True,
Co-Cu-Y,mp-1093698,Y2CoCu,2.254101,2.481983,False,2.2516,2.47271,False,
Co-Cu-Y,mp-1102436,YCu2,-0.187613,0.073446,False,-0.189315,0.074277,False,
Co-Cu-Y,mp-1105598,Y3Co,-0.144205,0.0,True,-0.135824,0.000122,False,LOST
Co-Cu-Y,mp-1106140,Y2Co17,-0.094235,0.0,True,-0.0918,0.0,True,
Co-Cu-Y,mp-112,Y,0.00355,0.00355,False,0.0,0.0,True,GAINED
Co-Cu-Y,mp-1120774,Cu,0.159117,0.159117,False,0.174446,0.174446,False,
Co-Cu-Y,mp-1183710,Co,0.005447,0.005447,False,0.002326,0.002326,False,
Co-Cu-Y,mp-1183752,Co3Cu,0.118587,0.118587,False,0.120854,0.120854,False,
Co-Cu-Y,mp-1187717,Y,0.006933,0.006933,False,0.009822,0.009822,False,
Co-Cu-Y,mp-1187739,Y,0.0,0.0,True,0.018676,0.018676,False,LOST
Co-Cu-Y,mp-1188333,Y2Co7,-0.059272,0.077357,False,-0.150952,0.0,True,GAINED
Co-Cu-Y,mp-1189329,Y3Co,-0.142648,0.001556,False,-0.135946,0.0,True,GAINED
Co-Cu-Y,mp-1190402,Y2Cu3,0.346416,0.606476,False,0.347755,0.607997,False,
Co-Cu-Y,mp-1192425,YCo3,-0.105986,0.040712,False,-0.155103,0.004627,False,
Co-Cu-Y,mp-1193227,Co,0.126341,0.126341,False,0.126565,0.126565,False,
Co-Cu-Y,mp-1199930,Y2Co14Cu3,-0.024529,0.077482,False,-0.020602,0.076729,False,
Co-Cu-Y,mp-1216214,Y2(CoCu)5,-0.061925,0.09576,False,-0.059202,0.092086,False,
Co-Cu-Y,mp-1216292,Y4Co3,-0.148959,0.0331,False,-0.141924,0.031181,False,
Co-Cu-Y,mp-1271142,Co,0.010145,0.010145,False,0.0,0.0,True,GAINED
Co-Cu-Y,mp-1294,YCo2,-0.176904,0.0,True,-0.174019,0.0,True,
Co-Cu-Y,mp-2588,YCo3,-0.096144,0.050554,False,-0.15973,0.0,True,GAINED
Co-Cu-Y,mp-2647057,Co,0.089566,0.089566,False,0.090686,0.090686,False,
Co-Cu-Y,mp-2698,YCu2,-0.261059,0.0,True,-0.263593,0.0,True,
Co-Cu-Y,mp-2797,YCu5,-0.190248,0.0,True,-0.17454,0.0,True,
Co-Cu-Y,mp-2827,YCo5,-0.104503,0.011988,False,-0.101078,0.021777,False,
Co-Cu-Y,mp-30,Cu,0.0,0.0,True,0.0,0.0,True,
Co-Cu-Y,mp-54,Co,0.0,0.0,True,3.8e-05,3.8e-05,True,
Co-Cu-Y,mp-570718,Y2Co17,-0.092317,0.001918,False,-0.090629,0.00117,False,
Co-Cu-Y,mp-573425,Y8Co5,-0.171517,0.001223,False,-0.164552,0.0,True,GAINED
Co-Cu-Y,mp-616512,Y3Co2,-0.165172,0.01083,False,-0.161196,0.00635,False,
Co-Cu-Y,mp-669382,Co,0.117662,0.117662,False,0.10765,0.10765,False,
Co-Cu-Y,mp-712,YCu,-0.244927,0.013635,False,-0.217504,0.03771,False,
Co-Cu-Y,mp-8053,YCo,-0.193673,0.003528,False,-0.187005,0.0,True,GAINED
Co-Cu-Y,mp-865373,YCo,-0.197201,0.0,True,-0.184177,0.002828,False,LOST
Co-Cu-Y,mp-9,Y,0.023963,0.023963,False,0.024577,0.024577,False,
Co-Cu-Y,mp-989695,Cu,0.005766,0.005766,False,0.017,0.017,False,
Co-Cu-Y,mp-989782,Cu,0.007492,0.007492,False,0.025389,0.025389,False,
Co-Cu-Y,mp-998890,Cu,0.03664,0.03664,False,0.039812,0.039812,False,
Co-Gd-Zn,mp-102,Co,0.016114,0.016114,False,0.019652,0.019652,False,
Co-Gd-Zn,mp-1072089,Co,0.199326,0.199326,False,0.205037,0.205037,False,
Co-Gd-Zn,mp-1076988,GdZn2,-0.390932,0.0,True,-0.375192,0.0,True,
Co-Gd-Zn,mp-1077071,GdCo5,-0.072854,0.0,True,-0.07166,0.018055,False,LOST
Co-Gd-Zn,mp-11421,Gd,0.0876,0.0876,False,0.091168,0.091168,False,
Co-Gd-Zn,mp-1183710,Co,0.005447,0.005447,False,0.002326,0.002326,False,
Co-Gd-Zn,mp-1184460,Gd3Zn,-0.069491,0.11303,False,-0.058251,0.119253,False,
Co-Gd-Zn,mp-1187812,Zn,0.01085,0.01085,False,0.0,0.0,True,GAINED
Co-Gd-Zn,mp-1187951,ZnCo3,0.047224,0.076359,False,0.05831,0.081333,False,
Co-Gd-Zn,mp-1187978,ZnCo,0.036646,0.094916,False,0.046204,0.09225,False,
Co-Gd-Zn,mp-1187993,Zn3Co,-0.051971,0.035434,False,-0.027702,0.041368,False,
Co-Gd-Zn,mp-1192361,Zn11Co2,-0.09861,0.0,True,-0.077925,0.0,True,
Co-Gd-Zn,mp-1193017,Gd6Zn23,-0.308785,0.004499,False,-0.295438,0.0,True,GAINED
Co-Gd-Zn,mp-1193227,Co,0.126341,0.126341,False,0.126565,0.126565,False,
Co-Gd-Zn,mp-1198632,Gd2Zn17,-0.245733,0.005135,False,-0.218637,0.004955,False,
Co-Gd-Zn,mp-1201816,Gd2Co17,0.668625,0.714638,False,-0.070348,0.0,True,GAINED
Co-Gd-Zn,mp-1204825,Gd(Zn10Co)2,-0.168933,0.0,True,-0.159941,0.0,True,
Co-Gd-Zn,mp-1207538,Zn17Co3,-0.08533,0.012352,False,-0.065779,0.01134,False,
Co-Gd-Zn,mp-1215431,ZnCo2,0.020071,0.058917,False,0.025604,0.056302,False,
Co-Gd-Zn,mp-1215897,Zn53Co7,-0.089633,0.0,True,-0.070142,0.0,True,
Co-Gd-Zn,mp-1225806,Gd4Co3,-0.134522,0.0,True,-0.137915,0.0,True,
Co-Gd-Zn,mp-1244987,Zn,0.058375,0.058375,False,0.095024,0.095024,False,
Co-Gd-Zn,mp-1245093,Zn,0.055069,0.055069,False,0.095089,0.095089,False,
Co-Gd-Zn,mp-1245184,Zn,0.048852,0.048852,False,0.084253,0.084253,False,
Co-Gd-Zn,mp-1245266,Zn,0.052316,0.052316,False,0.09062,0.09062,False,
Co-Gd-Zn,mp-1271142,Co,0.010145,0.010145,False,0.0,0.0,True,GAINED
Co-Gd-Zn,mp-155,Gd,0.0,0.0,True,0.0,0.0,True,
Co-Gd-Zn,mp-19981,Gd,0.030212,0.030212,False,0.033975,0.033975,False,
Co-Gd-Zn,mp-2497,GdZn,-0.365043,0.0,True,-0.355007,0.0,True,
Co-Gd-Zn,mp-2646972,Zn,0.005205,0.005205,False,0.036768,0.036768,False,
Co-Gd-Zn,mp-2647057,Co,0.089566,0.089566,False,0.090686,0.090686,False,
Co-Gd-Zn,mp-2647117,Zn,0.071662,0.071662,False,0.102324,0.102324,False,
Co-Gd-Zn,mp-30568,Zn13Co,-0.057106,0.0,True,-0.043708,0.0,True,
Co-Gd-Zn,mp-54,Co,0.0,0.0,True,3.8e-05,3.8e-05,True,
Co-Gd-Zn,mp-542437,Gd2Zn17,-0.250868,0.0,True,-0.223591,0.0,True,
Co-Gd-Zn,mp-542633,GdCo2,1.53201,1.630257,False,-0.142279,0.0,True,GAINED
Co-Gd-Zn,mp-570087,Gd,0.020306,0.020306,False,0.021152,0.021152,False,
Co-Gd-Zn,mp-614502,Gd,0.048381,0.048381,False,0.043918,0.043918,False,
Co-Gd-Zn,mp-669382,Co,0.117662,0.117662,False,0.10765,0.10765,False,
Co-Gd-Zn,mp-79,Zn,0.0,0.0,True,0.005595,0.005595,False,LOST
Co-Gd-Zn,mp-971744,ZnCo3,0.046572,0.075706,False,0.064413,0.087436,False,
Co-Gd-Zn,mp-971948,Zn3Co,-0.036882,0.050523,False,-0.015238,0.053832,False,
Co-Gd-Zn,mp-981215,Zn3Co,-0.054867,0.032537,False,-0.025591,0.043479,False,
Co-Mn-Y,mp-1009133,MnCo,-0.025857,0.0,True,-0.015156,0.0,True,
Co-Mn-Y,mp-102,Co,0.016114,0.016114,False,0.019652,0.019652,False,
Co-Mn-Y,mp-1055908,Mn,0.145445,0.145445,False,0.160365,0.160365,False,
Co-Mn-Y,mp-1057139,Mn,0.65752,0.65752,False,0.672163,0.672163,False,
Co-Mn-Y,mp-1062072,YMn2,0.751583,0.752599,False,0.76544,0.76544,False,
Co-Mn-Y,mp-1072089,Co,0.199326,0.199326,False,0.205037,0.205037,False,
Co-Mn-Y,mp-1103127,YMn2,0.104739,0.105755,False,0.099636,0.099636,False,
Co-Mn-Y,mp-1105598,Y3Co,-0.144205,0.0,True,-0.135824,0.000122,False,LOST
Co-Mn-Y,mp-1106140,Y2Co17,-0.094235,0.0,True,-0.0918,0.0,True,
Co-Mn-Y,mp-112,Y,0.00355,0.00355,False,0.0,0.0,True,GAINED
Co-Mn-Y,mp-1183710,Co,0.005447,0.005447,False,0.002326,0.002326,False,
Co-Mn-Y,mp-1185970,Mn3Co,-0.016073,0.0,True,0.003361,0.010938,False,LOST
Co-Mn-Y,mp-1186063,MnCo3,0.076682,0.08961,False,0.037218,0.044796,False,
Co-Mn-Y,mp-1187717,Y,0.006933,0.006933,False,0.009822,0.009822,False,
Co-Mn-Y,mp-1187739,Y,0.0,0.0,True,0.018676,0.018676,False,LOST
Co-Mn-Y,mp-1188333,Y2Co7,-0.059272,0.077357,False,-0.150952,0.0,True,GAINED
Co-Mn-Y,mp-1188794,Y2Mn5Co12,-0.029751,0.050446,False,-0.024087,0.057564,False,
Co-Mn-Y,mp-1189329,Y3Co,-0.142648,0.001556,False,-0.135946,0.0,True,GAINED
Co-Mn-Y,mp-1191484,Mn,0.806585,0.806585,False,0.82508,0.82508,False,
Co-Mn-Y,mp-1192425,YCo3,-0.105986,0.040712,False,-0.155103,0.004627,False,
Co-Mn-Y,mp-1193227,Co,0.126341,0.126341,False,0.126565,0.126565,False,
Co-Mn-Y,mp-1215953,YMnCo,-0.073308,0.058159,False,-0.061598,0.063071,False,
Co-Mn-Y,mp-1216070,Y2Mn3Co,0.151229,0.232164,False,0.054508,0.131335,False,
Co-Mn-Y,mp-1216254,Y(MnCo)6,-0.003222,0.056121,False,0.001207,0.060876,False,
Co-Mn-Y,mp-1216292,Y4Co3,-0.148959,0.0331,False,-0.141924,0.031181,False,
Co-Mn-Y,mp-1271142,Co,0.010145,0.010145,False,0.0,0.0,True,GAINED
Co-Mn-Y,mp-1294,YCo2,-0.176904,0.0,True,-0.174019,0.0,True,
Co-Mn-Y,mp-1355,Y6Mn23,0.096445,0.097653,False,0.043379,0.043379,False,
Co-Mn-Y,mp-22508,YMn12,-0.001407,0.0,True,0.016417,0.016417,False,LOST
Co-Mn-Y,mp-2588,YCo3,-0.096144,0.050554,False,-0.15973,0.0,True,GAINED
Co-Mn-Y,mp-2647025,Mn,0.052632,0.052632,False,0.074523,0.074523,False,
Co-Mn-Y,mp-2647057,Co,0.089566,0.089566,False,0.090686,0.090686,False,
Co-Mn-Y,mp-2827,YCo5,-0.104503,0.011988,False,-0.101078,0.021777,False,
Co-Mn-Y,mp-35,Mn,0.0,0.0,True,0.0,0.0,True,
Co-Mn-Y,mp-54,Co,0.0,0.0,True,3.8e-05,3.8e-05,True,
Co-Mn-Y,mp-542909,Mn,0.052947,0.052947,False,0.068178,0.068178,False,
Co-Mn-Y,mp-558,YMn2,0.160752,0.161768,False,0.172836,0.172836,False,
Co-Mn-Y,mp-570718,Y2Co17,-0.092317,0.001918,False,-0.090629,0.00117,False,
Co-Mn-Y,mp-573425,Y8Co5,-0.171517,0.001223,False,-0.164552,0.0,True,GAINED
Co-Mn-Y,mp-616512,Y3Co2,-0.165172,0.01083,False,-0.161196,0.00635,False,
Co-Mn-Y,mp-669382,Co,0.117662,0.117662,False,0.10765,0.10765,False,
Co-Mn-Y,mp-8053,YCo,-0.193673,0.003528,False,-0.187005,0.0,True,GAINED
Co-Mn-Y,mp-8634,Mn,0.083098,0.083098,False,0.094943,0.094943,False,
Co-Mn-Y,mp-865373,YCo,-0.197201,0.0,True,-0.184177,0.002828,False,LOST
Co-Mn-Y,mp-9,Y,0.023963,0.023963,False,0.024577,0.024577,False,
Co-Mn-Y,mp-999543,MnCo3,0.084163,0.097092,False,0.037629,0.045207,False,
Co-Ti-Y,mp-102,Co,0.016114,0.016114,False,0.019652,0.019652,False,
Co-Ti-Y,mp-1072089,Co,0.199326,0.199326,False,0.205037,0.205037,False,
Co-Ti-Y,mp-1079863,TiCo3,-0.225042,0.036661,False,-0.221807,0.035718,False,
Co-Ti-Y,mp-1105598,Y3Co,-0.144205,0.0,True,-0.135824,0.000122,False,LOST
Co-Ti-Y,mp-1106140,Y2Co17,-0.094235,0.0,True,-0.0918,0.0,True,
Co-Ti-Y,mp-112,Y,0.00355,0.00355,False,0.0,0.0,True,GAINED
Co-Ti-Y,mp-1183710,Co,0.005447,0.005447,False,0.002326,0.002326,False,
Co-Ti-Y,mp-1187717,Y,0.006933,0.006933,False,0.009822,0.009822,False,
Co-Ti-Y,mp-1187739,Y,0.0,0.0,True,0.018676,0.018676,False,LOST
Co-Ti-Y,mp-1188333,Y2Co7,-0.059272,0.077357,False,-0.150952,0.0,True,GAINED
Co-Ti-Y,mp-1189329,Y3Co,-0.142648,0.001556,False,-0.135946,0.0,True,GAINED
Co-Ti-Y,mp-1191331,Ti2Co,-0.284904,0.0,True,-0.28204,0.0,True,
Co-Ti-Y,mp-1191422,TiCo2,-0.304797,0.003179,False,-0.305994,0.0,True,GAINED
Co-Ti-Y,mp-1192425,YCo3,-0.105986,0.040712,False,-0.155103,0.004627,False,
Co-Ti-Y,mp-1193227,Co,0.126341,0.126341,False,0.126565,0.126565,False,
Co-Ti-Y,mp-1208216,TiCo4,0.727974,0.937336,False,0.737055,0.943074,False,
Co-Ti-Y,mp-1208254,Ti4Co,0.492608,0.66355,False,0.493736,0.66296,False,
Co-Ti-Y,mp-1215991,YTiCo11,-0.134824,0.012407,False,-0.133739,0.0111,False,
Co-Ti-Y,mp-1216292,Y4Co3,-0.148959,0.0331,False,-0.141924,0.031181,False,
Co-Ti-Y,mp-1238818,Ti,0.310308,0.310308,False,0.309075,0.309075,False,
Co-Ti-Y,mp-1244924,Ti,0.183287,0.183287,False,0.182224,0.182224,False,
Co-Ti-Y,mp-1245006,Ti,0.141384,0.141384,False,0.137373,0.137373,False,
Co-Ti-Y,mp-1245164,Ti,0.138332,0.138332,False,0.137808,0.137808,False,
Co-Ti-Y,mp-1245170,Ti,0.169614,0.169614,False,0.168655,0.168655,False,
Co-Ti-Y,mp-1245320,Ti,0.155102,0.155102,False,0.162302,0.162302,False,
Co-Ti-Y,mp-1271142,Co,0.010145,0.010145,False,0.0,0.0,True,GAINED
Co-Ti-Y,mp-1294,YCo2,-0.176904,0.0,True,-0.174019,0.0,True,
Co-Ti-Y,mp-2588,YCo3,-0.096144,0.050554,False,-0.15973,0.0,True,GAINED
Co-Ti-Y,mp-2647057,Co,0.089566,0.089566,False,0.090686,0.090686,False,
Co-Ti-Y,mp-2827,YCo5,-0.104503,0.011988,False,-0.101078,0.021777,False,
Co-Ti-Y,mp-30566,Ti2Co,0.439726,0.724629,False,0.450337,0.732377,False,
Co-Ti-Y,mp-46,Ti,0.004435,0.004435,False,0.005132,0.005132,False,
Co-Ti-Y,mp-54,Co,0.0,0.0,True,3.8e-05,3.8e-05,True,
Co-Ti-Y,mp-570718,Y2Co17,-0.092317,0.001918,False,-0.090629,0.00117,False,
Co-Ti-Y,mp-573425,Y8Co5,-0.171517,0.001223,False,-0.164552,0.0,True,GAINED
Co-Ti-Y,mp-608,TiCo3,-0.261703,0.0,True,-0.257524,0.0,True,
Co-Ti-Y,mp-616512,Y3Co2,-0.165172,0.01083,False,-0.161196,0.00635,False,
Co-Ti-Y,mp-669382,Co,0.117662,0.117662,False,0.10765,0.10765,False,
Co-Ti-Y,mp-695,TiCo2,-0.302375,0.005601,False,-0.301887,0.004107,False,
Co-Ti-Y,mp-6985,Ti,0.061963,0.061963,False,0.066316,0.066316,False,
Co-Ti-Y,mp-72,Ti,0.0,0.0,True,0.0,0.0,True,
Co-Ti-Y,mp-73,Ti,0.112036,0.112036,False,0.115654,0.115654,False,
Co-Ti-Y,mp-8053,YCo,-0.193673,0.003528,False,-0.187005,0.0,True,GAINED
Co-Ti-Y,mp-823,TiCo,-0.40052,0.0,True,-0.396061,0.0,True,
Co-Ti-Y,mp-865373,YCo,-0.197201,0.0,True,-0.184177,0.002828,False,LOST
Co-Ti-Y,mp-9,Y,0.023963,0.023963,False,0.024577,0.024577,False,
Co-Ti-Y,mp-999484,YTi,0.364475,0.364475,False,0.369009,0.369009,False,
Co-V-Y,mp-1002109,VCo,-0.086133,0.098219,False,-0.085615,0.099837,False,
Co-V-Y,mp-1017529,VCo3,-0.169152,0.003333,False,-0.170552,0.005606,False,
Co-V-Y,mp-102,Co,0.016114,0.016114,False,0.019652,0.019652,False,
Co-V-Y,mp-1072089,Co,0.199326,0.199326,False,0.205037,0.205037,False,
Co-V-Y,mp-1095057,VCo3,-0.165672,0.006813,False,-0.169697,0.006462,False,
Co-V-Y,mp-1105598,Y3Co,-0.144205,0.0,True,-0.135824,0.000122,False,LOST
Co-V-Y,mp-1106140,Y2Co17,-0.094235,0.0,True,-0.0918,0.0,True,
Co-V-Y,mp-112,Y,0.00355,0.00355,False,0.0,0.0,True,GAINED
Co-V-Y,mp-1183710,Co,0.005447,0.005447,False,0.002326,0.002326,False,
Co-V-Y,mp-1187717,Y,0.006933,0.006933,False,0.009822,0.009822,False,
Co-V-Y,mp-1187739,Y,0.0,0.0,True,0.018676,0.018676,False,LOST
Co-V-Y,mp-1188333,Y2Co7,-0.059272,0.077357,False,-0.150952,0.0,True,GAINED
Co-V-Y,mp-1189329,Y3Co,-0.142648,0.001556,False,-0.135946,0.0,True,GAINED
Co-V-Y,mp-1192425,YCo3,-0.105986,0.040712,False,-0.155103,0.004627,False,
Co-V-Y,mp-1193227,Co,0.126341,0.126341,False,0.126565,0.126565,False,
Co-V-Y,mp-1216182,Y(VCo5)2,-0.092696,0.062901,False,-0.093141,0.069001,False,
Co-V-Y,mp-1216183,Y3VCo8,-0.135122,0.043691,False,-0.142343,0.034553,False,
Co-V-Y,mp-1216292,Y4Co3,-0.148959,0.0331,False,-0.141924,0.031181,False,
Co-V-Y,mp-1216400,VCo4,0.050842,0.188829,False,0.03535,0.176277,False,
Co-V-Y,mp-1216405,VCo3,0.047773,0.220258,False,0.056543,0.232702,False,
Co-V-Y,mp-1271142,Co,0.010145,0.010145,False,0.0,0.0,True,GAINED
Co-V-Y,mp-1294,YCo2,-0.176904,0.0,True,-0.174019,0.0,True,
Co-V-Y,mp-146,V,0.0,0.0,True,0.0,0.0,True,
Co-V-Y,mp-1585,V3Co,-0.196219,0.0,True,-0.194746,0.0,True,
Co-V-Y,mp-2588,YCo3,-0.096144,0.050554,False,-0.15973,0.0,True,GAINED
Co-V-Y,mp-2647057,Co,0.089566,0.089566,False,0.090686,0.090686,False,
Co-V-Y,mp-2647074,V,0.253785,0.253785,False,0.252177,0.252177,False,
Co-V-Y,mp-2827,YCo5,-0.104503,0.011988,False,-0.101078,0.021777,False,
Co-V-Y,mp-54,Co,0.0,0.0,True,3.8e-05,3.8e-05,True,
Co-V-Y,mp-542614,VCo3,-0.172485,0.0,True,-0.176159,0.0,True,
Co-V-Y,mp-570718,Y2Co17,-0.092317,0.001918,False,-0.090629,0.00117,False,
Co-V-Y,mp-573425,Y8Co5,-0.171517,0.001223,False,-0.164552,0.0,True,GAINED
Co-V-Y,mp-616512,Y3Co2,-0.165172,0.01083,False,-0.161196,0.00635,False,
Co-V-Y,mp-669382,Co,0.117662,0.117662,False,0.10765,0.10765,False,
Co-V-Y,mp-680599,VCo3,0.993776,1.166261,False,0.993172,1.169331,False,
Co-V-Y,mp-8053,YCo,-0.193673,0.003528,False,-0.187005,0.0,True,GAINED
Co-V-Y,mp-8632,V,0.24714,0.24714,False,0.236842,0.236842,False,
Co-V-Y,mp-865373,YCo,-0.197201,0.0,True,-0.184177,0.002828,False,LOST
Co-V-Y,mp-9,Y,0.023963,0.023963,False,0.024577,0.024577,False,
Cr-Fe-Y,mp-1008282,Cr3Fe,0.126792,0.126792,False,0.112209,0.112209,False,
Cr-Fe-Y,mp-1008285,Cr3Fe,0.259411,0.259411,False,0.241833,0.241833,False,
Cr-Fe-Y,mp-1017511,Cr3Fe,0.270225,0.270225,False,0.255313,0.255313,False,
Cr-Fe-Y,mp-1018067,CrFe3,0.063674,0.063674,False,0.056093,0.056093,False,
Cr-Fe-Y,mp-1018081,CrFe3,0.050003,0.050003,False,0.041632,0.041632,False,
Cr-Fe-Y,mp-1059289,Cr,0.335908,0.335908,False,0.310405,0.310405,False,
Cr-Fe-Y,mp-1077708,Cr2Fe,0.289243,0.289243,False,0.282452,0.282452,False,
Cr-Fe-Y,mp-1096950,Fe,0.476699,0.476699,False,0.470606,0.470606,False,
Cr-Fe-Y,mp-1102392,YFe3,-0.060966,0.0,True,-0.066008,0.0,True,
Cr-Fe-Y,mp-1104222,YFe12,0.000626,0.020265,False,0.003046,0.023356,False,
Cr-Fe-Y,mp-1104258,Y(CrFe2)4,0.004982,0.024621,False,-0.000902,0.019408,False,
Cr-Fe-Y,mp-1105569,Y2Fe17,-0.006642,0.020232,False,-0.007568,0.020225,False,
Cr-Fe-Y,mp-112,Y,0.00355,0.00355,False,0.0,0.0,True,GAINED
Cr-Fe-Y,mp-11385,YFe5,-0.04255,0.0,True,-0.043118,0.000887,False,LOST
Cr-Fe-Y,mp-1178773,YFe2,-0.060391,0.002047,False,-0.060883,0.000824,False,
Cr-Fe-Y,mp-1178900,YFe2,-0.059446,0.002992,False,-0.061707,0.0,True,GAINED
Cr-Fe-Y,mp-1187717,Y,0.006933,0.006933,False,0.009822,0.009822,False,
Cr-Fe-Y,mp-1187739,Y,0.0,0.0,True,0.018676,0.018676,False,LOST
Cr-Fe-Y,mp-1192321,YFe3,-0.060356,0.00061,False,-0.060179,0.005829,False,
Cr-Fe-Y,mp-1192789,Cr,0.263578,0.263578,False,0.240158,0.240158,False,
Cr-Fe-Y,mp-1194030,Fe,0.175289,0.175289,False,0.172779,0.172779,False,
Cr-Fe-Y,mp-1196012,Y2Fe17,-0.007878,0.018996,False,-0.0079,0.019892,False,
Cr-Fe-Y,mp-1207800,Y2Cr2Fe15,0.011564,0.038438,False,0.008026,0.035819,False,
Cr-Fe-Y,mp-1216029,YCrFe11,-0.01447,0.005168,False,-0.014171,0.006139,False,
Cr-Fe-Y,mp-1216062,YCr5Fe7,0.02781,0.047449,False,0.019588,0.039898,False,
Cr-Fe-Y,mp-1216159,Y(CrFe5)2,0.006,0.025638,False,0.00321,0.02352,False,
Cr-Fe-Y,mp-1216176,Y(CrFe3)3,0.003451,0.02309,False,-0.000612,0.019698,False,
Cr-Fe-Y,mp-1226211,CrFe,0.092834,0.092834,False,0.082087,0.082087,False,
Cr-Fe-Y,mp-1226230,CrFe4,0.029958,0.029958,False,0.024062,0.024062,False,
Cr-Fe-Y,mp-1245108,Fe,0.279455,0.279455,False,0.255747,0.255747,False,
Cr-Fe-Y,mp-1271068,Fe,0.01707,0.01707,False,0.0,0.0,True,GAINED
Cr-Fe-Y,mp-1271128,Fe,0.099135,0.099135,False,0.111556,0.111556,False,
Cr-Fe-Y,mp-1271198,Fe,0.054992,0.054992,False,0.162432,0.162432,False,
Cr-Fe-Y,mp-13,Fe,0.0,0.0,True,0.000182,0.000182,False,LOST
Cr-Fe-Y,mp-13412,Y3Fe29,-0.002934,0.021,False,-0.003735,0.021018,False,
Cr-Fe-Y,mp-136,Fe,0.097806,0.097806,False,0.103732,0.103732,False,
Cr-Fe-Y,mp-150,Fe,0.148365,0.148365,False,0.157182,0.157182,False,
Cr-Fe-Y,mp-1570,YFe2,-0.062438,0.0,True,-0.060942,0.000765,False,LOST
Cr-Fe-Y,mp-17,Cr,0.081128,0.081128,False,0.060141,0.060141,False,
Cr-Fe-Y,mp-30641,Y6Fe23,-0.04159,0.00985,False,-0.041713,0.012914,False,
Cr-Fe-Y,mp-568345,Fe,0.761412,0.761412,False,0.759141,0.759141,False,
Cr-Fe-Y,mp-8633,Cr,0.402526,0.402526,False,0.389809,0.389809,False,
Cr-Fe-Y,mp-89,Cr,0.42034,0.42034,False,0.396013,0.396013,False,
Cr-Fe-Y,mp-9,Y,0.023963,0.023963,False,0.024577,0.024577,False,
Cr-Fe-Y,mp-90,Cr,0.0,0.0,True,0.0,0.0,True,
Cu-Fe-Y,mp-1010136,Cu,0.035708,0.035708,False,0.035523,0.035523,False,
Cu-Fe-Y,mp-1056079,Cu,1.982934,1.982934,False,2.047267,2.047267,False,
Cu-Fe-Y,mp-1059259,Cu,0.142906,0.142906,False,0.150243,0.150243,False,
Cu-Fe-Y,mp-1077241,YCu2,-0.154954,0.106105,False,-0.160403,0.10319,False,
Cu-Fe-Y,mp-1080443,YCu,-0.258562,0.0,True,-0.255215,0.0,True,
Cu-Fe-Y,mp-1096950,Fe,0.476699,0.476699,False,0.470606,0.470606,False,
Cu-Fe-Y,mp-1102392,YFe3,-0.060966,0.0,True,-0.066008,0.0,True,
Cu-Fe-Y,mp-1102436,YCu2,-0.187613,0.073446,False,-0.189315,0.074277,False,
Cu-Fe-Y,mp-1104222,YFe12,0.000626,0.020265,False,0.003046,0.023356,False,
Cu-Fe-Y,mp-1105569,Y2Fe17,-0.006642,0.020232,False,-0.007568,0.020225,False,
Cu-Fe-Y,mp-112,Y,0.00355,0.00355,False,0.0,0.0,True,GAINED
Cu-Fe-Y,mp-1120774,Cu,0.159117,0.159117,False,0.174446,0.174446,False,
Cu-Fe-Y,mp-11385,YFe5,-0.04255,0.0,True,-0.043118,0.000887,False,LOST
Cu-Fe-Y,mp-1178773,YFe2,-0.060391,0.002047,False,-0.060883,0.000824,False,
Cu-Fe-Y,mp-1178900,YFe2,-0.059446,0.002992,False,-0.061707,0.0,True,GAINED
Cu-Fe-Y,mp-1184260,Fe3Cu,0.180964,0.180964,False,0.151683,0.151683,False,
Cu-Fe-Y,mp-1184311,Fe3Cu,0.132275,0.132275,False,0.132288,0.132288,False,
Cu-Fe-Y,mp-1184444,FeCu3,0.181251,0.181251,False,0.180138,0.180138,False,
Cu-Fe-Y,mp-1187717,Y,0.006933,0.006933,False,0.009822,0.009822,False,
Cu-Fe-Y,mp-1187739,Y,0.0,0.0,True,0.018676,0.018676,False,LOST
Cu-Fe-Y,mp-1190402,Y2Cu3,0.346416,0.606476,False,0.347755,0.607997,False,
Cu-Fe-Y,mp-1192321,YFe3,-0.060356,0.00061,False,-0.060179,0.005829,False,
Cu-Fe-Y,mp-1194030,Fe,0.175289,0.175289,False,0.172779,0.172779,False,
Cu-Fe-Y,mp-1196012,Y2Fe17,-0.007878,0.018996,False,-0.0079,0.019892,False,
Cu-Fe-Y,mp-1215980,YFeCu,-0.037498,0.135159,False,-0.038436,0.135479,False,
Cu-Fe-Y,mp-1224945,FeCu,0.17183,0.17183,False,0.172649,0.172649,False,
Cu-Fe-Y,mp-1224953,FeCu3,0.105512,0.105512,False,0.108344,0.108344,False,
Cu-Fe-Y,mp-1224977,FeCu4,0.061599,0.061599,False,0.084703,0.084703,False,
Cu-Fe-Y,mp-1225131,Fe3Cu,0.070401,0.070401,False,0.068645,0.068645,False,
Cu-Fe-Y,mp-1245108,Fe,0.279455,0.279455,False,0.255747,0.255747,False,
Cu-Fe-Y,mp-1271068,Fe,0.01707,0.01707,False,0.0,0.0,True,GAINED
Cu-Fe-Y,mp-1271128,Fe,0.099135,0.099135,False,0.111556,0.111556,False,
Cu-Fe-Y,mp-1271198,Fe,0.054992,0.054992,False,0.162432,0.162432,False,
Cu-Fe-Y,mp-13,Fe,0.0,0.0,True,0.000182,0.000182,False,LOST
Cu-Fe-Y,mp-13412,Y3Fe29,-0.002934,0.021,False,-0.003735,0.021018,False,
Cu-Fe-Y,mp-136,Fe,0.097806,0.097806,False,0.103732,0.103732,False,
Cu-Fe-Y,mp-150,Fe,0.148365,0.148365,False,0.157182,0.157182,False,
Cu-Fe-Y,mp-1570,YFe2,-0.062438,0.0,True,-0.060942,0.000765,False,LOST
Cu-Fe-Y,mp-2698,YCu2,-0.261059,0.0,True,-0.263593,0.0,True,
Cu-Fe-Y,mp-2797,YCu5,-0.190248,0.0,True,-0.17454,0.0,True,
Cu-Fe-Y,mp-30,Cu,0.0,0.0,True,0.0,0.0,True,
Cu-Fe-Y,mp-30641,Y6Fe23,-0.04159,0.00985,False,-0.041713,0.012914,False,
Cu-Fe-Y,mp-568345,Fe,0.761412,0.761412,False,0.759141,0.759141,False,
Cu-Fe-Y,mp-712,YCu,-0.244927,0.013635,False,-0.217504,0.03771,False,
Cu-Fe-Y,mp-9,Y,0.023963,0.023963,False,0.024577,0.024577,False,
Cu-Fe-Y,mp-989695,Cu,0.005766,0.005766,False,0.017,0.017,False,
Cu-Fe-Y,mp-989782,Cu,0.007492,0.007492,False,0.025389,0.025389,False,
Cu-Fe-Y,mp-998890,Cu,0.03664,0.03664,False,0.039812,0.039812,False,
Fe-Mn-Y,mp-1009134,MnFe,0.092559,0.092559,False,0.043854,0.043854,False,
Fe-Mn-Y,mp-1055908,Mn,0.145445,0.145445,False,0.160365,0.160365,False,
Fe-Mn-Y,mp-1057139,Mn,0.65752,0.65752,False,0.672163,0.672163,False,
Fe-Mn-Y,mp-1062072,YMn2,0.751583,0.752599,False,0.76544,0.76544,False,
Fe-Mn-Y,mp-1096950,Fe,0.476699,0.476699,False,0.470606,0.470606,False,
Fe-Mn-Y,mp-1102392,YFe3,-0.060966,0.0,True,-0.066008,0.0,True,
Fe-Mn-Y,mp-1103127,YMn2,0.104739,0.105755,False,0.099636,0.099636,False,
Fe-Mn-Y,mp-1104222,YFe12,0.000626,0.020265,False,0.003046,0.023356,False,
Fe-Mn-Y,mp-1105569,Y2Fe17,-0.006642,0.020232,False,-0.007568,0.020225,False,
Fe-Mn-Y,mp-112,Y,0.00355,0.00355,False,0.0,0.0,True,GAINED
Fe-Mn-Y,mp-11385,YFe5,-0.04255,0.0,True,-0.043118,0.000887,False,LOST
Fe-Mn-Y,mp-1178773,YFe2,-0.060391,0.002047,False,-0.060883,0.000824,False,
Fe-Mn-Y,mp-1178900,YFe2,-0.059446,0.002992,False,-0.061707,0.0,True,GAINED
Fe-Mn-Y,mp-1187717,Y,0.006933,0.006933,False,0.009822,0.009822,False,
Fe-Mn-Y,mp-1187739,Y,0.0,0.0,True,0.018676,0.018676,False,LOST
Fe-Mn-Y,mp-1191484,Mn,0.806585,0.806585,False,0.82508,0.82508,False,
Fe-Mn-Y,mp-1192321,YFe3,-0.060356,0.00061,False,-0.060179,0.005829,False,
Fe-Mn-Y,mp-1193646,Y6Mn14Fe9,0.069606,0.099407,False,0.042782,0.071508,False,
Fe-Mn-Y,mp-1194030,Fe,0.175289,0.175289,False,0.172779,0.172779,False,
Fe-Mn-Y,mp-1196012,Y2Fe17,-0.007878,0.018996,False,-0.0079,0.019892,False,
Fe-Mn-Y,mp-1215943,YMnFe,0.050419,0.082146,False,0.059279,0.090133,False,
Fe-Mn-Y,mp-1216095,Y2Mn3Fe,0.108613,0.124984,False,0.119913,0.135339,False,
Fe-Mn-Y,mp-1221628,MnFe3,0.065649,0.065649,False,0.070052,0.070052,False,
Fe-Mn-Y,mp-1221635,MnFe4,0.035551,0.035551,False,0.040152,0.040152,False,
Fe-Mn-Y,mp-1221991,Mn7Fe3,0.087501,0.087501,False,0.065586,0.065586,False,
Fe-Mn-Y,mp-1245108,Fe,0.279455,0.279455,False,0.255747,0.255747,False,
Fe-Mn-Y,mp-1271068,Fe,0.01707,0.01707,False,0.0,0.0,True,GAINED
Fe-Mn-Y,mp-1271128,Fe,0.099135,0.099135,False,0.111556,0.111556,False,
Fe-Mn-Y,mp-1271198,Fe,0.054992,0.054992,False,0.162432,0.162432,False,
Fe-Mn-Y,mp-13,Fe,0.0,0.0,True,0.000182,0.000182,False,LOST
Fe-Mn-Y,mp-13412,Y3Fe29,-0.002934,0.021,False,-0.003735,0.021018,False,
Fe-Mn-Y,mp-1355,Y6Mn23,0.096445,0.097653,False,0.043379,0.043379,False,
Fe-Mn-Y,mp-136,Fe,0.097806,0.097806,False,0.103732,0.103732,False,
Fe-Mn-Y,mp-150,Fe,0.148365,0.148365,False,0.157182,0.157182,False,
Fe-Mn-Y,mp-1570,YFe2,-0.062438,0.0,True,-0.060942,0.000765,False,LOST
Fe-Mn-Y,mp-22508,YMn12,-0.001407,0.0,True,0.016417,0.016417,False,LOST
Fe-Mn-Y,mp-2647025,Mn,0.052632,0.052632,False,0.074523,0.074523,False,
Fe-Mn-Y,mp-30641,Y6Fe23,-0.04159,0.00985,False,-0.041713,0.012914,False,
Fe-Mn-Y,mp-35,Mn,0.0,0.0,True,0.0,0.0,True,
Fe-Mn-Y,mp-542909,Mn,0.052947,0.052947,False,0.068178,0.068178,False,
Fe-Mn-Y,mp-558,YMn2,0.160752,0.161768,False,0.172836,0.172836,False,
Fe-Mn-Y,mp-568345,Fe,0.761412,0.761412,False,0.759141,0.759141,False,
Fe-Mn-Y,mp-8634,Mn,0.083098,0.083098,False,0.094943,0.094943,False,
Fe-Mn-Y,mp-9,Y,0.023963,0.023963,False,0.024577,0.024577,False,
Fe-Mn-Y,mp-982188,Y(Mn2Fe)4,0.086044,0.105242,False,0.010107,0.030417,False,
Fe-Mn-Y,mp-999542,MnFe3,0.051221,0.051221,False,0.05866,0.05866,False,
Fe-Mn-Y,mp-999545,Mn3Fe,0.118937,0.118937,False,0.034478,0.034478,False,
Fe-V-Y,mp-1079399,V3Fe,-0.171137,0.0,True,-0.172764,0.0,True,
Fe-V-Y,mp-1096950,Fe,0.476699,0.476699,False,0.470606,0.470606,False,
Fe-V-Y,mp-1102392,YFe3,-0.060966,0.0,True,-0.066008,0.0,True,
Fe-V-Y,mp-1104222,YFe12,0.000626,0.020265,False,0.003046,0.023356,False,
Fe-V-Y,mp-1105569,Y2Fe17,-0.006642,0.020232,False,-0.007568,0.020225,False,
Fe-V-Y,mp-112,Y,0.00355,0.00355,False,0.0,0.0,True,GAINED
Fe-V-Y,mp-11385,YFe5,-0.04255,0.0,True,-0.043118,0.000887,False,LOST
Fe-V-Y,mp-1178773,YFe2,-0.060391,0.002047,False,-0.060883,0.000824,False,
Fe-V-Y,mp-1178900,YFe2,-0.059446,0.002992,False,-0.061707,0.0,True,GAINED
Fe-V-Y,mp-1187697,V3Fe,-0.139896,0.031241,False,-0.146054,0.02671,False,
Fe-V-Y,mp-1187717,Y,0.006933,0.006933,False,0.009822,0.009822,False,
Fe-V-Y,mp-1187739,Y,0.0,0.0,True,0.018676,0.018676,False,LOST
Fe-V-Y,mp-1192321,YFe3,-0.060356,0.00061,False,-0.060179,0.005829,False,
Fe-V-Y,mp-1194030,Fe,0.175289,0.175289,False,0.172779,0.172779,False,
Fe-V-Y,mp-1196012,Y2Fe17,-0.007878,0.018996,False,-0.0079,0.019892,False,
Fe-V-Y,mp-1215844,YVFe11,-0.056628,0.002489,False,-0.054087,0.006735,False,
Fe-V-Y,mp-1216170,Y(VFe5)2,-0.06966,0.028497,False,-0.069644,0.031691,False,
Fe-V-Y,mp-1216329,VFe4,-0.043636,0.059009,False,-0.043083,0.06225,False,
Fe-V-Y,mp-1216347,VFe,-0.103579,0.046142,False,-0.107432,0.044783,False,
Fe-V-Y,mp-1216352,VFe3,-0.055534,0.072773,False,-0.057611,0.074054,False,
Fe-V-Y,mp-1245108,Fe,0.279455,0.279455,False,0.255747,0.255747,False,
Fe-V-Y,mp-1271068,Fe,0.01707,0.01707,False,0.0,0.0,True,GAINED
Fe-V-Y,mp-1271128,Fe,0.099135,0.099135,False,0.111556,0.111556,False,
Fe-V-Y,mp-1271198,Fe,0.054992,0.054992,False,0.162432,0.162432,False,
Fe-V-Y,mp-13,Fe,0.0,0.0,True,0.000182,0.000182,False,LOST
Fe-V-Y,mp-1335,VFe,-0.127012,0.02271,False,-0.12819,0.024025,False,
Fe-V-Y,mp-13412,Y3Fe29,-0.002934,0.021,False,-0.003735,0.021018,False,
Fe-V-Y,mp-136,Fe,0.097806,0.097806,False,0.103732,0.103732,False,
Fe-V-Y,mp-146,V,0.0,0.0,True,0.0,0.0,True,
Fe-V-Y,mp-150,Fe,0.148365,0.148365,False,0.157182,0.157182,False,
Fe-V-Y,mp-1570,YFe2,-0.062438,0.0,True,-0.060942,0.000765,False,LOST
Fe-V-Y,mp-2647074,V,0.253785,0.253785,False,0.252177,0.252177,False,
Fe-V-Y,mp-30641,Y6Fe23,-0.04159,0.00985,False,-0.041713,0.012914,False,
Fe-V-Y,mp-568345,Fe,0.761412,0.761412,False,0.759141,0.759141,False,
Fe-V-Y,mp-8632,V,0.24714,0.24714,False,0.236842,0.236842,False,
Fe-V-Y,mp-866134,VFe3,-0.128307,0.0,True,-0.131666,0.0,True,
Fe-V-Y,mp-9,Y,0.023963,0.023963,False,0.024577,0.024577,False,
